Time	TH	ErrorTH	H	HD=0	HD=1	State	Proba	ErrorProba	State	Proba	ErrorProba	State	Proba	ErrorProba	State	Proba	ErrorProba	State	Proba	ErrorProba
0.0000	0.0001	0.0000	0.1421	0.0197	0.9803	T	0.000278	0.000017	B -- T	0.019460	0.000158	A -- B -- T	0.980263	0.000160
0.0100	0.0008	0.0000	0.3315	0.0582	0.9418	<nil>	0.000000	0.000000	T	0.001739	0.000053	A -- T	0.000002	0.000002	B -- T	0.056433	0.000306	A -- B -- T	0.941825	0.000311
0.0200	0.0020	0.0000	0.4803	0.0951	0.9049	<nil>	0.000005	0.000003	T	0.004596	0.000089	A -- T	0.000030	0.000006	B -- T	0.090474	0.000389	A -- B -- T	0.904895	0.000400
0.0300	0.0039	0.0001	0.6072	0.1305	0.8695	<nil>	0.000010	0.000004	T	0.008884	0.000126	A -- T	0.000099	0.000013	B -- T	0.121590	0.000448	A -- B -- T	0.869416	0.000464
0.0400	0.0063	0.0001	0.7179	0.1645	0.8355	<nil>	0.000023	0.000006	T	0.014237	0.000161	A -- T	0.000210	0.000020	B -- T	0.150204	0.000492	A -- B -- T	0.835326	0.000514
0.0500	0.0090	0.0001	0.8161	0.1971	0.8029	<nil>	0.000038	0.000008	T	0.020520	0.000194	A -- T	0.000370	0.000026	B -- T	0.176500	0.000527	A -- B -- T	0.802572	0.000553
0.0600	0.0122	0.0001	0.9049	0.2283	0.7717	<nil>	0.000060	0.000010	T	0.027810	0.000226	A -- T	0.000597	0.000033	B -- T	0.200429	0.000555	A -- B -- T	0.771104	0.000585
0.0700	0.0158	0.0001	0.9859	0.2582	0.7418	<nil>	0.000094	0.000013	T	0.035935	0.000257	A -- T	0.000943	0.000042	B -- T	0.222147	0.000577	A -- B -- T	0.740881	0.000612
0.0800	0.0196	0.0001	1.0594	0.2868	0.7132	<nil>	0.000136	0.000016	T	0.044709	0.000286	A -- T	0.001342	0.000050	B -- T	0.241967	0.000595	A -- B -- T	0.711847	0.000633
0.0900	0.0238	0.0001	1.1268	0.3142	0.6858	<nil>	0.000182	0.000019	T	0.054192	0.000314	A -- T	0.001819	0.000059	B -- T	0.259858	0.000610	A -- B -- T	0.683949	0.000651
0.1000	0.0283	0.0002	1.1887	0.3405	0.6595	<nil>	0.000231	0.000021	T	0.064353	0.000341	A -- T	0.002356	0.000067	B -- T	0.275916	0.000622	A -- B -- T	0.657143	0.000665
0.1100	0.0330	0.0002	1.2459	0.3656	0.6344	<nil>	0.000290	0.000024	T	0.075052	0.000367	A -- T	0.003010	0.000076	B -- T	0.290249	0.000632	A -- B -- T	0.631399	0.000676
0.1200	0.0378	0.0002	1.2985	0.3895	0.6105	<nil>	0.000369	0.000027	T	0.085950	0.000391	A -- T	0.003805	0.000085	B -- T	0.303209	0.000641	A -- B -- T	0.606667	0.000685
0.1300	0.0427	0.0002	1.3471	0.4124	0.5876	<nil>	0.000457	0.000030	T	0.097258	0.000414	A -- T	0.004680	0.000095	B -- T	0.314691	0.000648	A -- B -- T	0.582915	0.000692
0.1400	0.0479	0.0002	1.3918	0.4343	0.5657	<nil>	0.000551	0.000033	T	0.108959	0.000435	A -- T	0.005632	0.000104	B -- T	0.324754	0.000653	A -- B -- T	0.560105	0.000697
0.1500	0.0532	0.0002	1.4331	0.4551	0.5449	<nil>	0.000648	0.000035	T	0.120964	0.000456	A -- T	0.006678	0.000113	B -- T	0.333508	0.000658	A -- B -- T	0.538202	0.000700
0.1600	0.0585	0.0002	1.4715	0.4750	0.5250	<nil>	0.000770	0.000039	T	0.133103	0.000475	A -- T	0.007867	0.000123	B -- T	0.341102	0.000662	A -- B -- T	0.517158	0.000702
0.1700	0.0638	0.0002	1.5070	0.4938	0.5062	<nil>	0.000911	0.000042	T	0.145174	0.000493	A -- T	0.009215	0.000133	B -- T	0.347734	0.000665	A -- B -- T	0.496965	0.000702
0.1800	0.0692	0.0002	1.5399	0.5117	0.4883	<nil>	0.001071	0.000046	T	0.157490	0.000510	A -- T	0.010670	0.000143	B -- T	0.353177	0.000668	A -- B -- T	0.477592	0.000702
0.1900	0.0747	0.0002	1.5701	0.5288	0.4712	<nil>	0.001227	0.000049	T	0.169986	0.000526	A -- T	0.012182	0.000153	B -- T	0.357609	0.000670	A -- B -- T	0.458996	0.000700
0.2000	0.0802	0.0002	1.5979	0.5451	0.4549	<nil>	0.001390	0.000052	T	0.182540	0.000541	A -- T	0.013802	0.000163	B -- T	0.361144	0.000671	A -- B -- T	0.441124	0.000698
0.2100	0.0857	0.0002	1.6235	0.5605	0.4395	<nil>	0.001579	0.000056	T	0.195037	0.000555	A -- T	0.015528	0.000173	B -- T	0.363884	0.000673	A -- B -- T	0.423973	0.000695
0.2200	0.0910	0.0002	1.6470	0.5751	0.4249	<nil>	0.001779	0.000059	T	0.207164	0.000568	A -- T	0.017406	0.000183	B -- T	0.366121	0.000674	A -- B -- T	0.407530	0.000691
0.2300	0.0964	0.0003	1.6686	0.5889	0.4111	<nil>	0.001993	0.000062	T	0.219331	0.000580	A -- T	0.019372	0.000193	B -- T	0.367551	0.000674	A -- B -- T	0.391753	0.000686
0.2400	0.1018	0.0003	1.6885	0.6020	0.3980	<nil>	0.002229	0.000066	T	0.231603	0.000592	A -- T	0.021434	0.000203	B -- T	0.368141	0.000675	A -- B -- T	0.376593	0.000682
0.2500	0.1072	0.0003	1.7065	0.6144	0.3856	<nil>	0.002448	0.000069	T	0.243852	0.000602	A -- T	0.023566	0.000212	B -- T	0.368116	0.000675	A -- B -- T	0.362018	0.000676
0.2600	0.1125	0.0003	1.7230	0.6262	0.3738	<nil>	0.002691	0.000073	T	0.255974	0.000612	A -- T	0.025793	0.000222	B -- T	0.367493	0.000675	A -- B -- T	0.348049	0.000670
0.2700	0.1177	0.0003	1.7382	0.6372	0.3628	<nil>	0.002954	0.000076	T	0.267872	0.000622	A -- T	0.028184	0.000232	B -- T	0.366330	0.000675	A -- B -- T	0.334659	0.000664
0.2800	0.1228	0.0003	1.7519	0.6475	0.3525	<nil>	0.003220	0.000080	T	0.279366	0.000630	A -- T	0.030653	0.000242	B -- T	0.364959	0.000674	A -- B -- T	0.321802	0.000657
0.2900	0.1277	0.0003	1.7642	0.6573	0.3427	<nil>	0.003498	0.000083	T	0.290535	0.000637	A -- T	0.033246	0.000251	B -- T	0.363271	0.000674	A -- B -- T	0.309449	0.000651
0.3000	0.1326	0.0003	1.7753	0.6665	0.3335	<nil>	0.003796	0.000086	T	0.301735	0.000645	A -- T	0.035843	0.000261	B -- T	0.360985	0.000673	A -- B -- T	0.297640	0.000643
0.3100	0.1375	0.0003	1.7851	0.6751	0.3249	<nil>	0.004108	0.000090	T	0.312825	0.000651	A -- T	0.038509	0.000270	B -- T	0.358210	0.000672	A -- B -- T	0.286349	0.000636
0.3200	0.1423	0.0003	1.7938	0.6832	0.3168	<nil>	0.004404	0.000093	T	0.323729	0.000657	A -- T	0.041266	0.000279	B -- T	0.355091	0.000671	A -- B -- T	0.275511	0.000629
0.3300	0.1470	0.0003	1.8016	0.6908	0.3092	<nil>	0.004730	0.000096	T	0.334396	0.000663	A -- T	0.044098	0.000288	B -- T	0.351632	0.000669	A -- B -- T	0.265143	0.000621
0.3400	0.1515	0.0003	1.8088	0.6977	0.3023	<nil>	0.005095	0.000100	T	0.344732	0.000668	A -- T	0.047070	0.000297	B -- T	0.347913	0.000668	A -- B -- T	0.255190	0.000614
0.3500	0.1559	0.0003	1.8147	0.7043	0.2957	<nil>	0.005436	0.000103	T	0.354709	0.000672	A -- T	0.050062	0.000306	B -- T	0.344133	0.000666	A -- B -- T	0.245661	0.000606
0.3600	0.1601	0.0003	1.8200	0.7103	0.2897	<nil>	0.005770	0.000107	T	0.364229	0.000676	A -- T	0.053206	0.000315	B -- T	0.340278	0.000664	A -- B -- T	0.236517	0.000598
0.3700	0.1642	0.0003	1.8242	0.7159	0.2841	<nil>	0.006119	0.000110	T	0.373706	0.000680	A -- T	0.056291	0.000324	B -- T	0.336077	0.000662	A -- B -- T	0.227806	0.000590
0.3800	0.1683	0.0003	1.8281	0.7211	0.2789	<nil>	0.006529	0.000113	T	0.382869	0.000683	A -- T	0.059454	0.000332	B -- T	0.331672	0.000660	A -- B -- T	0.219476	0.000583
0.3900	0.1722	0.0003	1.8311	0.7258	0.2742	<nil>	0.006924	0.000117	T	0.391812	0.000686	A -- T	0.062652	0.000340	B -- T	0.327073	0.000658	A -- B -- T	0.211539	0.000575
0.4000	0.1760	0.0003	1.8337	0.7301	0.2699	<nil>	0.007288	0.000120	T	0.400424	0.000689	A -- T	0.066057	0.000349	B -- T	0.322349	0.000656	A -- B -- T	0.203881	0.000567
0.4100	0.1797	0.0003	1.8356	0.7340	0.2660	<nil>	0.007685	0.000123	T	0.408836	0.000691	A -- T	0.069446	0.000357	B -- T	0.317504	0.000653	A -- B -- T	0.196529	0.000559
0.4200	0.1833	0.0003	1.8370	0.7377	0.2623	<nil>	0.008117	0.000126	T	0.416998	0.000693	A -- T	0.072845	0.000365	B -- T	0.312565	0.000650	A -- B -- T	0.189476	0.000552
0.4300	0.1867	0.0003	1.8381	0.7409	0.2591	<nil>	0.008541	0.000130	T	0.424713	0.000695	A -- T	0.076331	0.000373	B -- T	0.307631	0.000648	A -- B -- T	0.182784	0.000544
0.4400	0.1899	0.0003	1.8387	0.7437	0.2563	<nil>	0.008953	0.000133	T	0.432029	0.000697	A -- T	0.079893	0.000381	B -- T	0.302754	0.000645	A -- B -- T	0.176371	0.000537
0.4500	0.1930	0.0003	1.8389	0.7463	0.2537	<nil>	0.009377	0.000136	T	0.439155	0.000698	A -- T	0.083497	0.000389	B -- T	0.297772	0.000642	A -- B -- T	0.170199	0.000529
0.4600	0.1960	0.0003	1.8388	0.7485	0.2515	<nil>	0.009832	0.000139	T	0.446029	0.000699	A -- T	0.087190	0.000397	B -- T	0.292688	0.000639	A -- B -- T	0.164260	0.000522
0.4700	0.1990	0.0003	1.8380	0.7506	0.2494	<nil>	0.010266	0.000142	T	0.452807	0.000700	A -- T	0.090747	0.000404	B -- T	0.287545	0.000635	A -- B -- T	0.158635	0.000514
0.4800	0.2018	0.0003	1.8374	0.7522	0.2478	<nil>	0.010735	0.000145	T	0.459105	0.000701	A -- T	0.094463	0.000411	B -- T	0.282336	0.000632	A -- B -- T	0.153361	0.000507
0.4900	0.2046	0.0003	1.8358	0.7537	0.2463	<nil>	0.011176	0.000148	T	0.465437	0.000702	A -- T	0.097941	0.000418	B -- T	0.277078	0.000628	A -- B -- T	0.148369	0.000500
0.5000	0.2071	0.0003	1.8345	0.7548	0.2452	<nil>	0.011661	0.000151	T	0.471282	0.000702	A -- T	0.101626	0.000425	B -- T	0.271882	0.000625	A -- B -- T	0.143549	0.000494
0.5100	0.2096	0.0003	1.8326	0.7558	0.2442	<nil>	0.012125	0.000154	T	0.476984	0.000703	A -- T	0.105274	0.000432	B -- T	0.266735	0.000621	A -- B -- T	0.138882	0.000487
0.5200	0.2119	0.0003	1.8310	0.7564	0.2436	<nil>	0.012598	0.000157	T	0.482243	0.000703	A -- T	0.109121	0.000439	B -- T	0.261547	0.000617	A -- B -- T	0.134490	0.000480
0.5300	0.2141	0.0003	1.8291	0.7568	0.2432	<nil>	0.013092	0.000160	T	0.487249	0.000703	A -- T	0.112866	0.000445	B -- T	0.256501	0.000613	A -- B -- T	0.130294	0.000474
0.5400	0.2162	0.0003	1.8272	0.7571	0.2429	<nil>	0.013598	0.000163	T	0.491899	0.000703	A -- T	0.116583	0.000452	B -- T	0.251579	0.000610	A -- B -- T	0.126341	0.000468
0.5500	0.2182	0.0003	1.8249	0.7572	0.2428	<nil>	0.014081	0.000166	T	0.496420	0.000703	A -- T	0.120200	0.000458	B -- T	0.246707	0.000606	A -- B -- T	0.122593	0.000462
0.5600	0.2200	0.0003	1.8226	0.7570	0.2430	<nil>	0.014549	0.000169	T	0.500646	0.000704	A -- T	0.123881	0.000464	B -- T	0.241806	0.000602	A -- B -- T	0.119118	0.000456
0.5700	0.2218	0.0003	1.8203	0.7567	0.2433	<nil>	0.015057	0.000172	T	0.504733	0.000704	A -- T	0.127547	0.000470	B -- T	0.236889	0.000597	A -- B -- T	0.115774	0.000450
0.5800	0.2235	0.0003	1.8179	0.7562	0.2438	<nil>	0.015602	0.000175	T	0.508584	0.000703	A -- T	0.131230	0.000475	B -- T	0.232037	0.000593	A -- B -- T	0.112547	0.000445
0.5900	0.2251	0.0003	1.8155	0.7556	0.2444	<nil>	0.016122	0.000178	T	0.512174	0.000703	A -- T	0.135061	0.000481	B -- T	0.227299	0.000589	A -- B -- T	0.109344	0.000439
0.6000	0.2266	0.0003	1.8129	0.7547	0.2453	<nil>	0.016600	0.000180	T	0.515479	0.000703	A -- T	0.138954	0.000487	B -- T	0.222622	0.000585	A -- B -- T	0.106345	0.000434
0.6100	0.2279	0.0003	1.8105	0.7537	0.2463	<nil>	0.017117	0.000183	T	0.518611	0.000703	A -- T	0.142796	0.000493	B -- T	0.217942	0.000580	A -- B -- T	0.103534	0.000429
0.6200	0.2292	0.0003	1.8080	0.7526	0.2474	<nil>	0.017666	0.000186	T	0.521585	0.000703	A -- T	0.146537	0.000498	B -- T	0.213349	0.000576	A -- B -- T	0.100862	0.000424
0.6300	0.2304	0.0003	1.8056	0.7513	0.2487	<nil>	0.018234	0.000189	T	0.524301	0.000703	A -- T	0.150283	0.000503	B -- T	0.208814	0.000571	A -- B -- T	0.098368	0.000419
0.6400	0.2316	0.0003	1.8028	0.7501	0.2499	<nil>	0.018745	0.000191	T	0.526912	0.000703	A -- T	0.154002	0.000508	B -- T	0.204461	0.000567	A -- B -- T	0.095880	0.000414
0.6500	0.2326	0.0003	1.8004	0.7485	0.2515	<nil>	0.019247	0.000194	T	0.529133	0.000703	A -- T	0.157860	0.000513	B -- T	0.200163	0.000562	A -- B -- T	0.093599	0.000410
0.6600	0.2334	0.0003	1.7983	0.7469	0.2531	<nil>	0.019771	0.000196	T	0.531047	0.000703	A -- T	0.161691	0.000518	B -- T	0.196051	0.000558	A -- B -- T	0.091439	0.000405
0.6700	0.2342	0.0003	1.7963	0.7452	0.2548	<nil>	0.020343	0.000199	T	0.532830	0.000702	A -- T	0.165359	0.000523	B -- T	0.191988	0.000554	A -- B -- T	0.089480	0.000402
0.6800	0.2350	0.0003	1.7941	0.7435	0.2565	<nil>	0.020912	0.000202	T	0.534602	0.000702	A -- T	0.168911	0.000528	B -- T	0.187943	0.000549	A -- B -- T	0.087631	0.000398
0.6900	0.2356	0.0003	1.7919	0.7415	0.2585	<nil>	0.021436	0.000204	T	0.536116	0.000702	A -- T	0.172635	0.000532	B -- T	0.183953	0.000545	A -- B -- T	0.085860	0.000394
0.7000	0.2362	0.0003	1.7899	0.7394	0.2606	<nil>	0.021942	0.000207	T	0.537431	0.000702	A -- T	0.176396	0.000537	B -- T	0.180018	0.000540	A -- B -- T	0.084213	0.000391
0.7100	0.2368	0.0003	1.7874	0.7375	0.2625	<nil>	0.022443	0.000209	T	0.538824	0.000702	A -- T	0.179872	0.000541	B -- T	0.176207	0.000536	A -- B -- T	0.082654	0.000387
0.7200	0.2372	0.0003	1.7857	0.7353	0.2647	<nil>	0.023032	0.000212	T	0.539783	0.000702	A -- T	0.183529	0.000545	B -- T	0.172511	0.000531	A -- B -- T	0.081144	0.000384
0.7300	0.2376	0.0003	1.7840	0.7332	0.2668	<nil>	0.023599	0.000214	T	0.540680	0.000702	A -- T	0.187043	0.000549	B -- T	0.168900	0.000527	A -- B -- T	0.079778	0.000381
0.7400	0.2380	0.0003	1.7822	0.7310	0.2690	<nil>	0.024131	0.000217	T	0.541483	0.000702	A -- T	0.190445	0.000553	B -- T	0.165354	0.000522	A -- B -- T	0.078587	0.000378
0.7500	0.2382	0.0003	1.7807	0.7286	0.2714	<nil>	0.024648	0.000219	T	0.542041	0.000702	A -- T	0.193894	0.000557	B -- T	0.161915	0.000518	A -- B -- T	0.077501	0.000376
0.7600	0.2384	0.0003	1.7793	0.7263	0.2737	<nil>	0.025207	0.000221	T	0.542521	0.000702	A -- T	0.197259	0.000561	B -- T	0.158566	0.000514	A -- B -- T	0.076448	0.000374
0.7700	0.2385	0.0003	1.7781	0.7238	0.2762	<nil>	0.025780	0.000224	T	0.542763	0.000702	A -- T	0.200753	0.000564	B -- T	0.155299	0.000509	A -- B -- T	0.075406	0.000371
0.7800	0.2387	0.0003	1.7763	0.7217	0.2783	<nil>	0.026321	0.000226	T	0.543233	0.000702	A -- T	0.203914	0.000568	B -- T	0.152130	0.000505	A -- B -- T	0.074402	0.000369
0.7900	0.2387	0.0003	1.7751	0.7191	0.2809	<nil>	0.026879	0.000228	T	0.543230	0.000702	A -- T	0.207488	0.000571	B -- T	0.148990	0.000501	A -- B -- T	0.073413	0.000367
0.8000	0.2387	0.0003	1.7740	0.7166	0.2834	<nil>	0.027417	0.000231	T	0.543122	0.000702	A -- T	0.210899	0.000575	B -- T	0.146013	0.000497	A -- B -- T	0.072548	0.000365
0.8100	0.2386	0.0003	1.7733	0.7140	0.2860	<nil>	0.027949	0.000233	T	0.542895	0.000702	A -- T	0.214132	0.000578	B -- T	0.143130	0.000492	A -- B -- T	0.071894	0.000363
0.8200	0.2385	0.0003	1.7725	0.7115	0.2885	<nil>	0.028497	0.000235	T	0.542616	0.000702	A -- T	0.217304	0.000581	B -- T	0.140348	0.000488	A -- B -- T	0.071236	0.000361
0.8300	0.2383	0.0003	1.7722	0.7089	0.2911	<nil>	0.029080	0.000237	T	0.542130	0.000702	A -- T	0.220430	0.000584	B -- T	0.137660	0.000484	A -- B -- T	0.070700	0.000360
0.8400	0.2380	0.0003	1.7717	0.7063	0.2937	<nil>	0.029621	0.000239	T	0.541573	0.000702	A -- T	0.223649	0.000587	B -- T	0.135079	0.000481	A -- B -- T	0.070078	0.000359
0.8500	0.2378	0.0003	1.7711	0.7038	0.2962	<nil>	0.030154	0.000241	T	0.541035	0.000702	A -- T	0.226719	0.000590	B -- T	0.132570	0.000477	A -- B -- T	0.069523	0.000357
0.8600	0.2375	0.0003	1.7705	0.7012	0.2988	<nil>	0.030695	0.000244	T	0.540355	0.000702	A -- T	0.229904	0.000593	B -- T	0.130129	0.000473	A -- B -- T	0.068917	0.000356
0.8700	0.2371	0.0003	1.7701	0.6985	0.3015	<nil>	0.031251	0.000246	T	0.539546	0.000702	A -- T	0.233156	0.000596	B -- T	0.127698	0.000469	A -- B -- T	0.068350	0.000355
0.8800	0.2368	0.0003	1.7696	0.6959	0.3041	<nil>	0.031803	0.000248	T	0.538794	0.000702	A -- T	0.236187	0.000599	B -- T	0.125317	0.000465	A -- B -- T	0.067899	0.000353
0.8900	0.2364	0.0003	1.7695	0.6933	0.3067	<nil>	0.032327	0.000250	T	0.537935	0.000702	A -- T	0.239060	0.000601	B -- T	0.123087	0.000462	A -- B -- T	0.067590	0.000353
0.9000	0.2359	0.0003	1.7700	0.6906	0.3094	<nil>	0.032882	0.000252	T	0.536786	0.000703	A -- T	0.242023	0.000604	B -- T	0.120909	0.000458	A -- B -- T	0.067400	0.000352
0.9100	0.2354	0.0003	1.7701	0.6879	0.3121	<nil>	0.033421	0.000254	T	0.535677	0.000703	A -- T	0.244969	0.000606	B -- T	0.118789	0.000455	A -- B -- T	0.067145	0.000351
0.9200	0.2349	0.0003	1.7705	0.6852	0.3148	<nil>	0.033956	0.000256	T	0.534461	0.000703	A -- T	0.247843	0.000609	B -- T	0.116799	0.000452	A -- B -- T	0.066941	0.000351
0.9300	0.2344	0.0003	1.7706	0.6825	0.3175	<nil>	0.034466	0.000258	T	0.533282	0.000703	A -- T	0.250755	0.000611	B -- T	0.114777	0.000448	A -- B -- T	0.066720	0.000350
0.9400	0.2337	0.0003	1.7713	0.6798	0.3202	<nil>	0.035032	0.000260	T	0.531799	0.000703	A -- T	0.253730	0.000613	B -- T	0.112929	0.000445	A -- B -- T	0.066509	0.000350
0.9500	0.2331	0.0003	1.7718	0.6771	0.3229	<nil>	0.035559	0.000262	T	0.530491	0.000703	A -- T	0.256496	0.000616	B -- T	0.111070	0.000442	A -- B -- T	0.066383	0.000350
0.9600	0.2325	0.0003	1.7726	0.6744	0.3256	<nil>	0.036105	0.000263	T	0.529102	0.000703	A -- T	0.259160	0.000618	B -- T	0.109159	0.000438	A -- B -- T	0.066475	0.000350
0.9700	0.2320	0.0003	1.7734	0.6718	0.3282	<nil>	0.036615	0.000265	T	0.527766	0.000704	A -- T	0.261629	0.000619	B -- T	0.107461	0.000435	A -- B -- T	0.066529	0.000350
0.9800	0.2313	0.0003	1.7743	0.6693	0.3307	<nil>	0.037140	0.000267	T	0.526270	0.000704	A -- T	0.264164	0.000621	B -- T	0.105868	0.000432	A -- B -- T	0.066558	0.000350
0.9900	0.2306	0.0003	1.7754	0.6666	0.3334	<nil>	0.037658	0.000269	T	0.524702	0.000704	A -- T	0.266729	0.000623	B -- T	0.104266	0.000430	A -- B -- T	0.066645	0.000350
1.0000	0.2299	0.0003	1.7765	0.6641	0.3359	<nil>	0.038185	0.000271	T	0.523160	0.000704	A -- T	0.269114	0.000625	B -- T	0.102790	0.000427	A -- B -- T	0.066750	0.000350
1.0100	0.2292	0.0003	1.7776	0.6616	0.3384	<nil>	0.038691	0.000272	T	0.521521	0.000704	A -- T	0.271607	0.000627	B -- T	0.101390	0.000424	A -- B -- T	0.066791	0.000351
1.0200	0.2283	0.0003	1.7788	0.6589	0.3411	<nil>	0.039205	0.000274	T	0.519567	0.000704	A -- T	0.274446	0.000629	B -- T	0.100078	0.000422	A -- B -- T	0.066704	0.000350
1.0300	0.2276	0.0003	1.7799	0.6565	0.3435	<nil>	0.039720	0.000276	T	0.517960	0.000704	A -- T	0.276829	0.000631	B -- T	0.098775	0.000419	A -- B -- T	0.066715	0.000350
1.0400	0.2269	0.0003	1.7811	0.6540	0.3460	<nil>	0.040248	0.000278	T	0.516200	0.000704	A -- T	0.279253	0.000632	B -- T	0.097521	0.000417	A -- B -- T	0.066777	0.000351
1.0500	0.2261	0.0003	1.7827	0.6515	0.3485	<nil>	0.040788	0.000279	T	0.514343	0.000705	A -- T	0.281642	0.000634	B -- T	0.096352	0.000415	A -- B -- T	0.066874	0.000351
1.0600	0.2253	0.0003	1.7843	0.6490	0.3510	<nil>	0.041289	0.000281	T	0.512569	0.000705	A -- T	0.283852	0.000636	B -- T	0.095151	0.000412	A -- B -- T	0.067138	0.000351
1.0700	0.2244	0.0003	1.7861	0.6465	0.3535	<nil>	0.041804	0.000283	T	0.510615	0.000705	A -- T	0.286132	0.000637	B -- T	0.094086	0.000410	A -- B -- T	0.067363	0.000352
1.0800	0.2236	0.0003	1.7878	0.6442	0.3558	<nil>	0.042293	0.000284	T	0.508763	0.000705	A -- T	0.288304	0.000639	B -- T	0.093151	0.000408	A -- B -- T	0.067489	0.000352
1.0900	0.2228	0.0003	1.7891	0.6419	0.3581	<nil>	0.042760	0.000286	T	0.506956	0.000705	A -- T	0.290546	0.000640	B -- T	0.092177	0.000407	A -- B -- T	0.067561	0.000352
1.1000	0.2220	0.0003	1.7905	0.6394	0.3606	<nil>	0.043276	0.000287	T	0.505059	0.000705	A -- T	0.292876	0.000642	B -- T	0.091107	0.000404	A -- B -- T	0.067682	0.000353
1.1100	0.2211	0.0003	1.7920	0.6369	0.3631	<nil>	0.043819	0.000289	T	0.502974	0.000705	A -- T	0.295347	0.000643	B -- T	0.090128	0.000402	A -- B -- T	0.067732	0.000353
1.1200	0.2202	0.0003	1.7940	0.6347	0.3653	<nil>	0.044357	0.000291	T	0.501019	0.000705	A -- T	0.297385	0.000644	B -- T	0.089292	0.000401	A -- B -- T	0.067948	0.000353
1.1300	0.2193	0.0003	1.7961	0.6324	0.3676	<nil>	0.044874	0.000293	T	0.499013	0.000705	A -- T	0.299401	0.000646	B -- T	0.088475	0.000399	A -- B -- T	0.068237	0.000354
1.1400	0.2184	0.0003	1.7983	0.6301	0.3699	<nil>	0.045354	0.000294	T	0.496937	0.000705	A -- T	0.301439	0.000647	B -- T	0.087766	0.000398	A -- B -- T	0.068503	0.000355
1.1500	0.2175	0.0003	1.8005	0.6280	0.3720	<nil>	0.045835	0.000295	T	0.494961	0.000705	A -- T	0.303285	0.000648	B -- T	0.087177	0.000396	A -- B -- T	0.068742	0.000355
1.1600	0.2166	0.0003	1.8024	0.6257	0.3743	<nil>	0.046327	0.000297	T	0.492936	0.000705	A -- T	0.305302	0.000649	B -- T	0.086421	0.000395	A -- B -- T	0.069015	0.000356
1.1700	0.2158	0.0003	1.8044	0.6236	0.3764	<nil>	0.046827	0.000298	T	0.491085	0.000705	A -- T	0.307059	0.000650	B -- T	0.085648	0.000393	A -- B -- T	0.069381	0.000357
1.1800	0.2150	0.0003	1.8063	0.6216	0.3784	<nil>	0.047328	0.000300	T	0.489263	0.000705	A -- T	0.308791	0.000651	B -- T	0.084976	0.000392	A -- B -- T	0.069642	0.000357
1.1900	0.2141	0.0003	1.8083	0.6194	0.3806	<nil>	0.047831	0.000302	T	0.487227	0.000705	A -- T	0.310759	0.000652	B -- T	0.084323	0.000390	A -- B -- T	0.069861	0.000358
1.2000	0.2132	0.0003	1.8106	0.6172	0.3828	<nil>	0.048288	0.000303	T	0.485183	0.000705	A -- T	0.312511	0.000653	B -- T	0.083753	0.000389	A -- B -- T	0.070264	0.000359
1.2100	0.2124	0.0003	1.8126	0.6152	0.3848	<nil>	0.048749	0.000304	T	0.483247	0.000705	A -- T	0.314246	0.000655	B -- T	0.083240	0.000388	A -- B -- T	0.070518	0.000359
1.2200	0.2115	0.0003	1.8149	0.6133	0.3867	<nil>	0.049223	0.000306	T	0.481300	0.000705	A -- T	0.315834	0.000655	B -- T	0.082798	0.000387	A -- B -- T	0.070844	0.000360
1.2300	0.2107	0.0003	1.8173	0.6114	0.3886	<nil>	0.049676	0.000307	T	0.479370	0.000704	A -- T	0.317363	0.000656	B -- T	0.082388	0.000386	A -- B -- T	0.071202	0.000361
1.2400	0.2098	0.0003	1.8196	0.6094	0.3906	<nil>	0.050143	0.000308	T	0.477460	0.000704	A -- T	0.318898	0.000657	B -- T	0.081831	0.000385	A -- B -- T	0.071668	0.000362
1.2500	0.2090	0.0003	1.8221	0.6075	0.3925	<nil>	0.050639	0.000310	T	0.475520	0.000704	A -- T	0.320334	0.000658	B -- T	0.081390	0.000384	A -- B -- T	0.072117	0.000363
1.2600	0.2081	0.0003	1.8248	0.6056	0.3944	<nil>	0.051114	0.000311	T	0.473495	0.000704	A -- T	0.321791	0.000659	B -- T	0.080985	0.000383	A -- B -- T	0.072616	0.000364
1.2700	0.2073	0.0003	1.8270	0.6039	0.3961	<nil>	0.051548	0.000312	T	0.471626	0.000704	A -- T	0.323225	0.000659	B -- T	0.080747	0.000383	A -- B -- T	0.072854	0.000365
1.2800	0.2064	0.0003	1.8294	0.6020	0.3980	<nil>	0.052020	0.000314	T	0.469591	0.000704	A -- T	0.324811	0.000660	B -- T	0.080393	0.000382	A -- B -- T	0.073185	0.000366
1.2900	0.2055	0.0003	1.8316	0.6001	0.3999	<nil>	0.052480	0.000315	T	0.467533	0.000704	A -- T	0.326447	0.000661	B -- T	0.080105	0.000381	A -- B -- T	0.073435	0.000366
1.3000	0.2047	0.0003	1.8339	0.5985	0.4015	<nil>	0.052941	0.000316	T	0.465710	0.000704	A -- T	0.327756	0.000662	B -- T	0.079810	0.000381	A -- B -- T	0.073783	0.000367
1.3100	0.2039	0.0003	1.8366	0.5968	0.4032	<nil>	0.053413	0.000318	T	0.463847	0.000703	A -- T	0.328895	0.000662	B -- T	0.079545	0.000380	A -- B -- T	0.074301	0.000368
1.3200	0.2030	0.0003	1.8394	0.5951	0.4049	<nil>	0.053869	0.000319	T	0.461798	0.000703	A -- T	0.330217	0.000663	B -- T	0.079471	0.000380	A -- B -- T	0.074644	0.000369
1.3300	0.2022	0.0003	1.8419	0.5936	0.4064	<nil>	0.054348	0.000320	T	0.459988	0.000703	A -- T	0.331371	0.000664	B -- T	0.079222	0.000379	A -- B -- T	0.075071	0.000370
1.3400	0.2013	0.0003	1.8443	0.5919	0.4081	<nil>	0.054803	0.000322	T	0.458129	0.000703	A -- T	0.332635	0.000664	B -- T	0.078987	0.000379	A -- B -- T	0.075447	0.000371
1.3500	0.2005	0.0003	1.8469	0.5903	0.4097	<nil>	0.055270	0.000323	T	0.456116	0.000702	A -- T	0.333950	0.000665	B -- T	0.078944	0.000379	A -- B -- T	0.075721	0.000371
1.3600	0.1997	0.0003	1.8490	0.5889	0.4111	<nil>	0.055740	0.000324	T	0.454429	0.000702	A -- T	0.335128	0.000666	B -- T	0.078741	0.000378	A -- B -- T	0.075962	0.000372
1.3700	0.1989	0.0003	1.8511	0.5874	0.4126	<nil>	0.056170	0.000325	T	0.452620	0.000702	A -- T	0.336396	0.000666	B -- T	0.078647	0.000378	A -- B -- T	0.076167	0.000372
1.3800	0.1981	0.0003	1.8535	0.5859	0.4141	<nil>	0.056623	0.000327	T	0.450740	0.000702	A -- T	0.337662	0.000667	B -- T	0.078571	0.000378	A -- B -- T	0.076404	0.000373
1.3900	0.1973	0.0003	1.8556	0.5845	0.4155	<nil>	0.057053	0.000328	T	0.448887	0.000701	A -- T	0.338946	0.000667	B -- T	0.078568	0.000378	A -- B -- T	0.076547	0.000373
1.4000	0.1965	0.0003	1.8579	0.5831	0.4169	<nil>	0.057501	0.000329	T	0.447065	0.000701	A -- T	0.340134	0.000668	B -- T	0.078547	0.000378	A -- B -- T	0.076752	0.000374
1.4100	0.1957	0.0003	1.8602	0.5817	0.4183	<nil>	0.057960	0.000330	T	0.445256	0.000701	A -- T	0.341275	0.000669	B -- T	0.078489	0.000378	A -- B -- T	0.077020	0.000374
1.4200	0.1950	0.0003	1.8627	0.5805	0.4195	<nil>	0.058415	0.000331	T	0.443632	0.000701	A -- T	0.342103	0.000669	B -- T	0.078433	0.000378	A -- B -- T	0.077418	0.000375
1.4300	0.1942	0.0003	1.8652	0.5791	0.4209	<nil>	0.058866	0.000333	T	0.441786	0.000700	A -- T	0.343224	0.000669	B -- T	0.078473	0.000377	A -- B -- T	0.077652	0.000376
1.4400	0.1933	0.0003	1.8676	0.5776	0.4224	<nil>	0.059292	0.000334	T	0.439905	0.000700	A -- T	0.344346	0.000670	B -- T	0.078448	0.000378	A -- B -- T	0.078009	0.000376
1.4500	0.1926	0.0003	1.8702	0.5765	0.4235	<nil>	0.059746	0.000335	T	0.438258	0.000700	A -- T	0.345150	0.000670	B -- T	0.078515	0.000378	A -- B -- T	0.078331	0.000377
1.4600	0.1919	0.0003	1.8724	0.5754	0.4246	<nil>	0.060169	0.000336	T	0.436704	0.000699	A -- T	0.346013	0.000671	B -- T	0.078513	0.000378	A -- B -- T	0.078602	0.000378
1.4700	0.1912	0.0003	1.8745	0.5739	0.4261	<nil>	0.060619	0.000337	T	0.434954	0.000699	A -- T	0.347130	0.000671	B -- T	0.078332	0.000377	A -- B -- T	0.078964	0.000379
1.4800	0.1905	0.0003	1.8766	0.5728	0.4272	<nil>	0.061066	0.000338	T	0.433433	0.000699	A -- T	0.347966	0.000672	B -- T	0.078337	0.000377	A -- B -- T	0.079199	0.000379
1.4900	0.1899	0.0003	1.8788	0.5720	0.4280	<nil>	0.061473	0.000339	T	0.432014	0.000699	A -- T	0.348607	0.000672	B -- T	0.078470	0.000378	A -- B -- T	0.079435	0.000380
1.5000	0.1892	0.0003	1.8814	0.5708	0.4292	<nil>	0.061889	0.000341	T	0.430383	0.000698	A -- T	0.349354	0.000672	B -- T	0.078548	0.000378	A -- B -- T	0.079826	0.000380
1.5100	0.1884	0.0003	1.8836	0.5697	0.4303	<nil>	0.062310	0.000342	T	0.428708	0.000698	A -- T	0.350317	0.000673	B -- T	0.078677	0.000378	A -- B -- T	0.079988	0.000381
1.5200	0.1877	0.0003	1.8860	0.5686	0.4314	<nil>	0.062747	0.000343	T	0.427167	0.000698	A -- T	0.350996	0.000673	B -- T	0.078650	0.000378	A -- B -- T	0.080440	0.000382
1.5300	0.1871	0.0003	1.8885	0.5675	0.4325	<nil>	0.063140	0.000344	T	0.425648	0.000697	A -- T	0.351605	0.000673	B -- T	0.078702	0.000378	A -- B -- T	0.080906	0.000383
1.5400	0.1864	0.0003	1.8908	0.5664	0.4336	<nil>	0.063547	0.000345	T	0.424151	0.000697	A -- T	0.352274	0.000674	B -- T	0.078663	0.000378	A -- B -- T	0.081364	0.000384
1.5500	0.1857	0.0003	1.8932	0.5654	0.4346	<nil>	0.063967	0.000346	T	0.422547	0.000697	A -- T	0.353029	0.000674	B -- T	0.078837	0.000378	A -- B -- T	0.081620	0.000384
1.5600	0.1851	0.0003	1.8955	0.5645	0.4355	<nil>	0.064362	0.000347	T	0.421073	0.000696	A -- T	0.353634	0.000674	B -- T	0.079078	0.000379	A -- B -- T	0.081853	0.000385
1.5700	0.1845	0.0003	1.8975	0.5635	0.4365	<nil>	0.064777	0.000348	T	0.419727	0.000696	A -- T	0.354291	0.000674	B -- T	0.079026	0.000379	A -- B -- T	0.082179	0.000385
1.5800	0.1839	0.0003	1.8996	0.5625	0.4375	<nil>	0.065199	0.000349	T	0.418324	0.000696	A -- T	0.354904	0.000675	B -- T	0.078997	0.000379	A -- B -- T	0.082576	0.000386
1.5900	0.1832	0.0003	1.9018	0.5616	0.4384	<nil>	0.065580	0.000350	T	0.416949	0.000695	A -- T	0.355451	0.000675	B -- T	0.079112	0.000379	A -- B -- T	0.082908	0.000387
1.6000	0.1827	0.0003	1.9041	0.5609	0.4391	<nil>	0.066002	0.000351	T	0.415615	0.000695	A -- T	0.355892	0.000675	B -- T	0.079272	0.000379	A -- B -- T	0.083220	0.000388
1.6100	0.1819	0.0003	1.9070	0.5599	0.4401	<nil>	0.066410	0.000352	T	0.413880	0.000695	A -- T	0.356502	0.000675	B -- T	0.079614	0.000380	A -- B -- T	0.083595	0.000388
1.6200	0.1813	0.0003	1.9094	0.5593	0.4407	<nil>	0.066807	0.000353	T	0.412542	0.000694	A -- T	0.356923	0.000676	B -- T	0.079931	0.000381	A -- B -- T	0.083797	0.000389
1.6300	0.1807	0.0003	1.9116	0.5586	0.4414	<nil>	0.067204	0.000354	T	0.411246	0.000694	A -- T	0.357327	0.000676	B -- T	0.080111	0.000381	A -- B -- T	0.084112	0.000390
1.6400	0.1802	0.0003	1.9136	0.5579	0.4421	<nil>	0.067599	0.000355	T	0.410050	0.000694	A -- T	0.357787	0.000676	B -- T	0.080243	0.000381	A -- B -- T	0.084320	0.000390
1.6500	0.1797	0.0003	1.9157	0.5573	0.4427	<nil>	0.068037	0.000356	T	0.408856	0.000693	A -- T	0.358113	0.000676	B -- T	0.080406	0.000382	A -- B -- T	0.084588	0.000391
1.6600	0.1791	0.0003	1.9178	0.5566	0.4434	<nil>	0.068450	0.000357	T	0.407625	0.000693	A -- T	0.358553	0.000676	B -- T	0.080561	0.000382	A -- B -- T	0.084811	0.000391
1.6700	0.1785	0.0003	1.9197	0.5558	0.4442	<nil>	0.068882	0.000358	T	0.406238	0.000693	A -- T	0.359190	0.000677	B -- T	0.080678	0.000382	A -- B -- T	0.085011	0.000392
1.6800	0.1779	0.0003	1.9216	0.5550	0.4450	<nil>	0.069316	0.000359	T	0.404824	0.000692	A -- T	0.359884	0.000677	B -- T	0.080902	0.000383	A -- B -- T	0.085073	0.000392
1.6900	0.1774	0.0003	1.9231	0.5543	0.4457	<nil>	0.069739	0.000360	T	0.403642	0.000692	A -- T	0.360495	0.000677	B -- T	0.080961	0.000383	A -- B -- T	0.085163	0.000392
1.7000	0.1769	0.0003	1.9253	0.5538	0.4462	<nil>	0.070137	0.000361	T	0.402457	0.000692	A -- T	0.360773	0.000677	B -- T	0.081251	0.000384	A -- B -- T	0.085382	0.000392
1.7100	0.1764	0.0003	1.9271	0.5533	0.4467	<nil>	0.070538	0.000362	T	0.401285	0.000691	A -- T	0.361244	0.000677	B -- T	0.081473	0.000384	A -- B -- T	0.085461	0.000392
1.7200	0.1759	0.0003	1.9291	0.5528	0.4472	<nil>	0.070918	0.000363	T	0.400132	0.000691	A -- T	0.361595	0.000678	B -- T	0.081765	0.000385	A -- B -- T	0.085591	0.000393
1.7300	0.1753	0.0003	1.9312	0.5523	0.4477	<nil>	0.071307	0.000364	T	0.398863	0.000691	A -- T	0.361982	0.000678	B -- T	0.082087	0.000385	A -- B -- T	0.085761	0.000393
1.7400	0.1748	0.0003	1.9328	0.5516	0.4484	<nil>	0.071726	0.000365	T	0.397759	0.000690	A -- T	0.362425	0.000678	B -- T	0.082151	0.000385	A -- B -- T	0.085940	0.000393
1.7500	0.1743	0.0003	1.9347	0.5510	0.4490	<nil>	0.072146	0.000366	T	0.396547	0.000690	A -- T	0.362858	0.000678	B -- T	0.082353	0.000386	A -- B -- T	0.086096	0.000394
1.7600	0.1738	0.0003	1.9366	0.5505	0.4495	<nil>	0.072562	0.000367	T	0.395453	0.000690	A -- T	0.363191	0.000678	B -- T	0.082446	0.000386	A -- B -- T	0.086348	0.000394
1.7700	0.1734	0.0003	1.9380	0.5500	0.4500	<nil>	0.072911	0.000368	T	0.394477	0.000689	A -- T	0.363575	0.000679	B -- T	0.082647	0.000387	A -- B -- T	0.086390	0.000394
1.7800	0.1730	0.0003	1.9392	0.5498	0.4502	<nil>	0.073299	0.000368	T	0.393700	0.000689	A -- T	0.363864	0.000679	B -- T	0.082772	0.000387	A -- B -- T	0.086366	0.000394
1.7900	0.1726	0.0003	1.9405	0.5494	0.4506	<nil>	0.073690	0.000369	T	0.392811	0.000689	A -- T	0.364238	0.000679	B -- T	0.082901	0.000387	A -- B -- T	0.086360	0.000394
1.8000	0.1723	0.0003	1.9419	0.5490	0.4510	<nil>	0.074048	0.000370	T	0.391926	0.000689	A -- T	0.364526	0.000679	B -- T	0.082990	0.000387	A -- B -- T	0.086509	0.000395
1.8100	0.1718	0.0003	1.9435	0.5484	0.4516	<nil>	0.074395	0.000371	T	0.390946	0.000688	A -- T	0.364845	0.000679	B -- T	0.083041	0.000387	A -- B -- T	0.086772	0.000395
1.8200	0.1713	0.0003	1.9451	0.5479	0.4521	<nil>	0.074789	0.000372	T	0.389862	0.000688	A -- T	0.365226	0.000679	B -- T	0.083235	0.000388	A -- B -- T	0.086889	0.000395
1.8300	0.1709	0.0003	1.9465	0.5473	0.4527	<nil>	0.075206	0.000373	T	0.388815	0.000688	A -- T	0.365695	0.000679	B -- T	0.083323	0.000388	A -- B -- T	0.086961	0.000396
1.8400	0.1704	0.0003	1.9483	0.5469	0.4531	<nil>	0.075601	0.000374	T	0.387805	0.000687	A -- T	0.365928	0.000679	B -- T	0.083473	0.000388	A -- B -- T	0.087193	0.000396
1.8500	0.1700	0.0003	1.9501	0.5463	0.4537	<nil>	0.075989	0.000375	T	0.386723	0.000687	A -- T	0.366241	0.000679	B -- T	0.083632	0.000389	A -- B -- T	0.087415	0.000397
1.8600	0.1695	0.0003	1.9518	0.5459	0.4541	<nil>	0.076354	0.000375	T	0.385726	0.000687	A -- T	0.366465	0.000680	B -- T	0.083856	0.000389	A -- B -- T	0.087598	0.000397
1.8700	0.1692	0.0003	1.9532	0.5457	0.4543	<nil>	0.076733	0.000376	T	0.385028	0.000686	A -- T	0.366552	0.000680	B -- T	0.083900	0.000389	A -- B -- T	0.087788	0.000397
1.8800	0.1689	0.0003	1.9545	0.5454	0.4546	<nil>	0.077085	0.000377	T	0.384264	0.000686	A -- T	0.366743	0.000680	B -- T	0.084023	0.000389	A -- B -- T	0.087885	0.000397
1.8900	0.1685	0.0003	1.9561	0.5450	0.4550	<nil>	0.077458	0.000378	T	0.383400	0.000686	A -- T	0.366889	0.000680	B -- T	0.084168	0.000390	A -- B -- T	0.088085	0.000398
1.9000	0.1681	0.0003	1.9576	0.5448	0.4552	<nil>	0.077836	0.000379	T	0.382540	0.000685	A -- T	0.367090	0.000680	B -- T	0.084376	0.000390	A -- B -- T	0.088158	0.000398
1.9100	0.1677	0.0003	1.9588	0.5443	0.4557	<nil>	0.078233	0.000380	T	0.381547	0.000685	A -- T	0.367585	0.000680	B -- T	0.084540	0.000390	A -- B -- T	0.088095	0.000398
1.9200	0.1673	0.0003	1.9605	0.5440	0.4560	<nil>	0.078634	0.000380	T	0.380651	0.000685	A -- T	0.367718	0.000680	B -- T	0.084739	0.000391	A -- B -- T	0.088258	0.000398
1.9300	0.1670	0.0003	1.9619	0.5438	0.4562	<nil>	0.079007	0.000381	T	0.379966	0.000685	A -- T	0.367758	0.000680	B -- T	0.084837	0.000391	A -- B -- T	0.088432	0.000399
1.9400	0.1668	0.0003	1.9632	0.5437	0.4563	<nil>	0.079355	0.000382	T	0.379423	0.000684	A -- T	0.367690	0.000680	B -- T	0.084964	0.000391	A -- B -- T	0.088567	0.000399
1.9500	0.1665	0.0003	1.9647	0.5435	0.4565	<nil>	0.079721	0.000383	T	0.378740	0.000684	A -- T	0.367729	0.000680	B -- T	0.085047	0.000392	A -- B -- T	0.088762	0.000399
1.9600	0.1661	0.0003	1.9666	0.5433	0.4567	<nil>	0.080097	0.000384	T	0.377939	0.000684	A -- T	0.367615	0.000680	B -- T	0.085252	0.000392	A -- B -- T	0.089098	0.000400
1.9700	0.1657	0.0003	1.9681	0.5430	0.4570	<nil>	0.080488	0.000385	T	0.377111	0.000684	A -- T	0.367796	0.000680	B -- T	0.085371	0.000392	A -- B -- T	0.089234	0.000400
1.9800	0.1654	0.0003	1.9692	0.5428	0.4572	<nil>	0.080869	0.000385	T	0.376431	0.000683	A -- T	0.367969	0.000680	B -- T	0.085482	0.000392	A -- B -- T	0.089249	0.000400
1.9900	0.1651	0.0003	1.9707	0.5426	0.4574	<nil>	0.081244	0.000386	T	0.375676	0.000683	A -- T	0.368016	0.000680	B -- T	0.085673	0.000393	A -- B -- T	0.089392	0.000400
2.0000	0.1648	0.0003	1.9720	0.5424	0.4576	<nil>	0.081612	0.000387	T	0.374916	0.000683	A -- T	0.368165	0.000680	B -- T	0.085910	0.000393	A -- B -- T	0.089396	0.000401
2.0100	0.1644	0.0003	1.9732	0.5421	0.4579	<nil>	0.081995	0.000388	T	0.374045	0.000682	A -- T	0.368497	0.000680	B -- T	0.086021	0.000394	A -- B -- T	0.089442	0.000401
2.0200	0.1640	0.0003	1.9747	0.5418	0.4582	<nil>	0.082393	0.000389	T	0.373194	0.000682	A -- T	0.368643	0.000680	B -- T	0.086223	0.000394	A -- B -- T	0.089547	0.000401
2.0300	0.1638	0.0003	1.9760	0.5417	0.4583	<nil>	0.082747	0.000389	T	0.372612	0.000682	A -- T	0.368655	0.000681	B -- T	0.086370	0.000394	A -- B -- T	0.089616	0.000401
2.0400	0.1636	0.0003	1.9771	0.5417	0.4583	<nil>	0.083084	0.000390	T	0.372160	0.000682	A -- T	0.368581	0.000680	B -- T	0.086453	0.000395	A -- B -- T	0.089721	0.000401
2.0500	0.1633	0.0003	1.9783	0.5417	0.4583	<nil>	0.083429	0.000391	T	0.371638	0.000682	A -- T	0.368514	0.000680	B -- T	0.086588	0.000395	A -- B -- T	0.089831	0.000401
2.0600	0.1631	0.0003	1.9798	0.5416	0.4584	<nil>	0.083849	0.000392	T	0.371057	0.000681	A -- T	0.368403	0.000680	B -- T	0.086719	0.000395	A -- B -- T	0.089972	0.000402
2.0700	0.1628	0.0003	1.9809	0.5415	0.4585	<nil>	0.084229	0.000393	T	0.370446	0.000681	A -- T	0.368519	0.000680	B -- T	0.086800	0.000395	A -- B -- T	0.090005	0.000402
2.0800	0.1625	0.0003	1.9821	0.5413	0.4587	<nil>	0.084585	0.000393	T	0.369753	0.000681	A -- T	0.368637	0.000680	B -- T	0.086998	0.000396	A -- B -- T	0.090027	0.000402
2.0900	0.1622	0.0003	1.9837	0.5411	0.4589	<nil>	0.084964	0.000394	T	0.368990	0.000681	A -- T	0.368640	0.000680	B -- T	0.087158	0.000396	A -- B -- T	0.090247	0.000402
2.1000	0.1619	0.0003	1.9848	0.5411	0.4589	<nil>	0.085345	0.000395	T	0.368395	0.000680	A -- T	0.368671	0.000681	B -- T	0.087349	0.000396	A -- B -- T	0.090240	0.000402
2.1100	0.1617	0.0003	1.9858	0.5410	0.4590	<nil>	0.085706	0.000396	T	0.367828	0.000680	A -- T	0.368793	0.000680	B -- T	0.087442	0.000397	A -- B -- T	0.090230	0.000402
2.1200	0.1614	0.0003	1.9867	0.5407	0.4593	<nil>	0.086056	0.000396	T	0.367252	0.000680	A -- T	0.368908	0.000681	B -- T	0.087436	0.000397	A -- B -- T	0.090347	0.000402
2.1300	0.1612	0.0003	1.9879	0.5406	0.4594	<nil>	0.086413	0.000397	T	0.366755	0.000680	A -- T	0.368824	0.000681	B -- T	0.087418	0.000397	A -- B -- T	0.090591	0.000403
2.1400	0.1610	0.0003	1.9891	0.5406	0.4594	<nil>	0.086782	0.000398	T	0.366350	0.000680	A -- T	0.368690	0.000681	B -- T	0.087516	0.000397	A -- B -- T	0.090662	0.000403
2.1500	0.1608	0.0003	1.9903	0.5408	0.4592	<nil>	0.087148	0.000399	T	0.365838	0.000679	A -- T	0.368584	0.000680	B -- T	0.087783	0.000397	A -- B -- T	0.090647	0.000403
2.1600	0.1606	0.0003	1.9915	0.5409	0.4591	<nil>	0.087517	0.000399	T	0.365445	0.000679	A -- T	0.368399	0.000680	B -- T	0.087891	0.000397	A -- B -- T	0.090748	0.000403
2.1700	0.1604	0.0003	1.9926	0.5407	0.4593	<nil>	0.087869	0.000400	T	0.365007	0.000679	A -- T	0.368301	0.000680	B -- T	0.087861	0.000398	A -- B -- T	0.090961	0.000404
2.1800	0.1603	0.0003	1.9935	0.5408	0.4592	<nil>	0.088211	0.000401	T	0.364624	0.000679	A -- T	0.368268	0.000680	B -- T	0.087926	0.000397	A -- B -- T	0.090970	0.000404
2.1900	0.1600	0.0003	1.9946	0.5408	0.4592	<nil>	0.088534	0.000402	T	0.364085	0.000679	A -- T	0.368254	0.000680	B -- T	0.088202	0.000398	A -- B -- T	0.090924	0.000404
2.2000	0.1597	0.0003	1.9960	0.5407	0.4593	<nil>	0.088919	0.000402	T	0.363305	0.000678	A -- T	0.368353	0.000680	B -- T	0.088501	0.000399	A -- B -- T	0.090922	0.000404
2.2100	0.1593	0.0003	1.9974	0.5405	0.4595	<nil>	0.089299	0.000403	T	0.362565	0.000678	A -- T	0.368408	0.000680	B -- T	0.088592	0.000399	A -- B -- T	0.091136	0.000404
2.2200	0.1591	0.0003	1.9983	0.5402	0.4598	<nil>	0.089678	0.000404	T	0.361896	0.000678	A -- T	0.368610	0.000680	B -- T	0.088647	0.000399	A -- B -- T	0.091168	0.000404
2.2300	0.1588	0.0003	1.9993	0.5401	0.4599	<nil>	0.090033	0.000405	T	0.361257	0.000678	A -- T	0.368755	0.000680	B -- T	0.088836	0.000399	A -- B -- T	0.091120	0.000404
2.2400	0.1586	0.0003	2.0007	0.5402	0.4598	<nil>	0.090391	0.000405	T	0.360857	0.000677	A -- T	0.368477	0.000680	B -- T	0.088937	0.000400	A -- B -- T	0.091338	0.000404
2.2500	0.1584	0.0003	2.0017	0.5402	0.4598	<nil>	0.090760	0.000406	T	0.360402	0.000677	A -- T	0.368411	0.000680	B -- T	0.089079	0.000400	A -- B -- T	0.091348	0.000404
2.2600	0.1582	0.0003	2.0025	0.5403	0.4597	<nil>	0.091133	0.000407	T	0.360063	0.000677	A -- T	0.368378	0.000680	B -- T	0.089099	0.000400	A -- B -- T	0.091326	0.000404
2.2700	0.1581	0.0003	2.0033	0.5405	0.4595	<nil>	0.091476	0.000408	T	0.359780	0.000677	A -- T	0.368253	0.000680	B -- T	0.089228	0.000400	A -- B -- T	0.091264	0.000404
2.2800	0.1581	0.0003	2.0040	0.5408	0.4592	<nil>	0.091817	0.000408	T	0.359663	0.000677	A -- T	0.367985	0.000680	B -- T	0.089319	0.000400	A -- B -- T	0.091217	0.000404
2.2900	0.1579	0.0003	2.0051	0.5409	0.4591	<nil>	0.092170	0.000409	T	0.359387	0.000677	A -- T	0.367748	0.000680	B -- T	0.089367	0.000400	A -- B -- T	0.091327	0.000404
2.3000	0.1579	0.0003	2.0057	0.5410	0.4590	<nil>	0.092524	0.000410	T	0.359164	0.000677	A -- T	0.367621	0.000680	B -- T	0.089356	0.000400	A -- B -- T	0.091335	0.000404
2.3100	0.1577	0.0003	2.0068	0.5412	0.4588	<nil>	0.092880	0.000410	T	0.358777	0.000676	A -- T	0.367458	0.000680	B -- T	0.089508	0.000401	A -- B -- T	0.091377	0.000405
2.3200	0.1575	0.0003	2.0077	0.5411	0.4589	<nil>	0.093238	0.000411	T	0.358277	0.000676	A -- T	0.367493	0.000680	B -- T	0.089620	0.000401	A -- B -- T	0.091372	0.000404
2.3300	0.1572	0.0003	2.0088	0.5411	0.4589	<nil>	0.093617	0.000412	T	0.357757	0.000676	A -- T	0.367481	0.000680	B -- T	0.089769	0.000401	A -- B -- T	0.091375	0.000405
2.3400	0.1570	0.0003	2.0100	0.5410	0.4590	<nil>	0.093984	0.000413	T	0.357157	0.000676	A -- T	0.367470	0.000680	B -- T	0.089863	0.000402	A -- B -- T	0.091527	0.000405
2.3500	0.1567	0.0003	2.0113	0.5411	0.4589	<nil>	0.094368	0.000413	T	0.356485	0.000676	A -- T	0.367473	0.000680	B -- T	0.090234	0.000402	A -- B -- T	0.091440	0.000405
2.3600	0.1565	0.0003	2.0121	0.5410	0.4590	<nil>	0.094745	0.000414	T	0.355980	0.000675	A -- T	0.367551	0.000680	B -- T	0.090323	0.000402	A -- B -- T	0.091401	0.000405
2.3700	0.1563	0.0003	2.0133	0.5410	0.4590	<nil>	0.095089	0.000415	T	0.355584	0.000675	A -- T	0.367339	0.000680	B -- T	0.090346	0.000403	A -- B -- T	0.091641	0.000405
2.3800	0.1562	0.0003	2.0143	0.5412	0.4588	<nil>	0.095468	0.000415	T	0.355367	0.000675	A -- T	0.367033	0.000680	B -- T	0.090387	0.000403	A -- B -- T	0.091745	0.000405
2.3900	0.1561	0.0003	2.0149	0.5415	0.4585	<nil>	0.095836	0.000416	T	0.355207	0.000675	A -- T	0.366901	0.000680	B -- T	0.090452	0.000403	A -- B -- T	0.091604	0.000405
2.4000	0.1561	0.0003	2.0156	0.5419	0.4581	<nil>	0.096179	0.000417	T	0.355131	0.000675	A -- T	0.366583	0.000680	B -- T	0.090542	0.000403	A -- B -- T	0.091565	0.000405
2.4100	0.1561	0.0003	2.0164	0.5421	0.4579	<nil>	0.096498	0.000417	T	0.355098	0.000675	A -- T	0.366201	0.000680	B -- T	0.090499	0.000403	A -- B -- T	0.091704	0.000405
2.4200	0.1560	0.0003	2.0171	0.5423	0.4577	<nil>	0.096839	0.000418	T	0.354952	0.000675	A -- T	0.366002	0.000679	B -- T	0.090472	0.000403	A -- B -- T	0.091735	0.000405
2.4300	0.1560	0.0003	2.0177	0.5424	0.4576	<nil>	0.097186	0.000419	T	0.354859	0.000675	A -- T	0.365789	0.000679	B -- T	0.090356	0.000402	A -- B -- T	0.091809	0.000405
2.4400	0.1558	0.0003	2.0183	0.5426	0.4574	<nil>	0.097524	0.000419	T	0.354581	0.000675	A -- T	0.365711	0.000679	B -- T	0.090501	0.000403	A -- B -- T	0.091683	0.000405
2.4500	0.1556	0.0003	2.0190	0.5425	0.4575	<nil>	0.097888	0.000420	T	0.354124	0.000674	A -- T	0.365791	0.000679	B -- T	0.090536	0.000403	A -- B -- T	0.091661	0.000405
2.4600	0.1554	0.0003	2.0200	0.5425	0.4575	<nil>	0.098238	0.000421	T	0.353659	0.000674	A -- T	0.365735	0.000679	B -- T	0.090566	0.000403	A -- B -- T	0.091802	0.000405
2.4700	0.1552	0.0003	2.0208	0.5424	0.4576	<nil>	0.098589	0.000421	T	0.353191	0.000674	A -- T	0.365792	0.000679	B -- T	0.090642	0.000403	A -- B -- T	0.091787	0.000405
2.4800	0.1550	0.0003	2.0214	0.5422	0.4578	<nil>	0.098984	0.000422	T	0.352666	0.000674	A -- T	0.365981	0.000679	B -- T	0.090514	0.000403	A -- B -- T	0.091856	0.000406
2.4900	0.1549	0.0003	2.0221	0.5422	0.4578	<nil>	0.099353	0.000423	T	0.352415	0.000674	A -- T	0.365839	0.000679	B -- T	0.090422	0.000403	A -- B -- T	0.091971	0.000406
2.5000	0.1547	0.0003	2.0230	0.5423	0.4577	<nil>	0.099742	0.000424	T	0.352073	0.000674	A -- T	0.365703	0.000679	B -- T	0.090449	0.000403	A -- B -- T	0.092033	0.000406
2.5100	0.1546	0.0003	2.0236	0.5424	0.4576	<nil>	0.100096	0.000424	T	0.351812	0.000673	A -- T	0.365633	0.000679	B -- T	0.090523	0.000403	A -- B -- T	0.091936	0.000406
2.5200	0.1546	0.0003	2.0243	0.5427	0.4573	<nil>	0.100429	0.000425	T	0.351772	0.000674	A -- T	0.365310	0.000679	B -- T	0.090458	0.000403	A -- B -- T	0.092030	0.000406
2.5300	0.1546	0.0003	2.0249	0.5431	0.4569	<nil>	0.100757	0.000426	T	0.351836	0.000674	A -- T	0.364892	0.000679	B -- T	0.090487	0.000403	A -- B -- T	0.092029	0.000406
2.5400	0.1546	0.0003	2.0255	0.5433	0.4567	<nil>	0.101079	0.000426	T	0.351761	0.000674	A -- T	0.364658	0.000679	B -- T	0.090461	0.000403	A -- B -- T	0.092040	0.000406
2.5500	0.1545	0.0003	2.0263	0.5436	0.4564	<nil>	0.101413	0.000427	T	0.351564	0.000673	A -- T	0.364418	0.000679	B -- T	0.090630	0.000403	A -- B -- T	0.091976	0.000406
2.5600	0.1545	0.0003	2.0268	0.5439	0.4561	<nil>	0.101745	0.000427	T	0.351432	0.000673	A -- T	0.364277	0.000679	B -- T	0.090740	0.000403	A -- B -- T	0.091805	0.000405
2.5700	0.1544	0.0003	2.0273	0.5441	0.4559	<nil>	0.102108	0.000428	T	0.351203	0.000673	A -- T	0.364213	0.000679	B -- T	0.090797	0.000403	A -- B -- T	0.091680	0.000405
2.5800	0.1542	0.0003	2.0280	0.5442	0.4558	<nil>	0.102458	0.000429	T	0.350915	0.000673	A -- T	0.364107	0.000679	B -- T	0.090848	0.000403	A -- B -- T	0.091671	0.000405
2.5900	0.1541	0.0003	2.0286	0.5444	0.4556	<nil>	0.102801	0.000429	T	0.350735	0.000673	A -- T	0.363972	0.000679	B -- T	0.090902	0.000404	A -- B -- T	0.091590	0.000405
2.6000	0.1540	0.0003	2.0291	0.5444	0.4556	<nil>	0.103148	0.000430	T	0.350408	0.000673	A -- T	0.363988	0.000679	B -- T	0.090815	0.000403	A -- B -- T	0.091642	0.000405
2.6100	0.1538	0.0003	2.0298	0.5444	0.4556	<nil>	0.103507	0.000431	T	0.350028	0.000673	A -- T	0.364004	0.000679	B -- T	0.090847	0.000403	A -- B -- T	0.091615	0.000405
2.6200	0.1537	0.0003	2.0305	0.5444	0.4556	<nil>	0.103904	0.000431	T	0.349638	0.000672	A -- T	0.363994	0.000679	B -- T	0.090872	0.000404	A -- B -- T	0.091592	0.000405
2.6300	0.1534	0.0003	2.0314	0.5443	0.4557	<nil>	0.104273	0.000432	T	0.349134	0.000672	A -- T	0.363992	0.000679	B -- T	0.090931	0.000404	A -- B -- T	0.091670	0.000405
2.6400	0.1532	0.0003	2.0322	0.5443	0.4557	<nil>	0.104646	0.000433	T	0.348643	0.000672	A -- T	0.364026	0.000679	B -- T	0.091006	0.000404	A -- B -- T	0.091678	0.000405
2.6500	0.1532	0.0003	2.0326	0.5445	0.4555	<nil>	0.104989	0.000433	T	0.348481	0.000672	A -- T	0.363950	0.000679	B -- T	0.091036	0.000404	A -- B -- T	0.091544	0.000405
2.6600	0.1530	0.0003	2.0335	0.5446	0.4554	<nil>	0.105360	0.000434	T	0.348183	0.000672	A -- T	0.363772	0.000679	B -- T	0.091027	0.000404	A -- B -- T	0.091658	0.000405
2.6700	0.1530	0.0003	2.0341	0.5447	0.4553	<nil>	0.105694	0.000435	T	0.348064	0.000672	A -- T	0.363551	0.000679	B -- T	0.090977	0.000404	A -- B -- T	0.091714	0.000405
2.6800	0.1530	0.0003	2.0345	0.5450	0.4550	<nil>	0.106011	0.000435	T	0.348036	0.000672	A -- T	0.363307	0.000678	B -- T	0.090906	0.000404	A -- B -- T	0.091741	0.000405
2.6900	0.1529	0.0003	2.0351	0.5453	0.4547	<nil>	0.106374	0.000436	T	0.347920	0.000672	A -- T	0.363076	0.000678	B -- T	0.090958	0.000404	A -- B -- T	0.091672	0.000405
2.7000	0.1529	0.0003	2.0357	0.5456	0.4544	<nil>	0.106708	0.000436	T	0.347952	0.000672	A -- T	0.362728	0.000678	B -- T	0.090914	0.000404	A -- B -- T	0.091698	0.000405
2.7100	0.1529	0.0003	2.0363	0.5458	0.4542	<nil>	0.107076	0.000437	T	0.347797	0.000672	A -- T	0.362507	0.000678	B -- T	0.090895	0.000404	A -- B -- T	0.091725	0.000405
2.7200	0.1529	0.0003	2.0368	0.5461	0.4539	<nil>	0.107421	0.000438	T	0.347863	0.000672	A -- T	0.362194	0.000678	B -- T	0.090863	0.000403	A -- B -- T	0.091659	0.000405
2.7300	0.1529	0.0003	2.0371	0.5465	0.4535	<nil>	0.107766	0.000438	T	0.347792	0.000672	A -- T	0.362078	0.000678	B -- T	0.090976	0.000404	A -- B -- T	0.091387	0.000404
2.7400	0.1528	0.0003	2.0376	0.5467	0.4533	<nil>	0.108111	0.000439	T	0.347599	0.000672	A -- T	0.361964	0.000678	B -- T	0.091027	0.000404	A -- B -- T	0.091299	0.000404
2.7500	0.1527	0.0003	2.0380	0.5470	0.4530	<nil>	0.108456	0.000440	T	0.347515	0.000672	A -- T	0.361779	0.000678	B -- T	0.091074	0.000404	A -- B -- T	0.091176	0.000404
2.7600	0.1526	0.0003	2.0388	0.5472	0.4528	<nil>	0.108808	0.000440	T	0.347311	0.000672	A -- T	0.361532	0.000678	B -- T	0.091101	0.000404	A -- B -- T	0.091249	0.000404
2.7700	0.1525	0.0003	2.0397	0.5473	0.4527	<nil>	0.109121	0.000441	T	0.346951	0.000671	A -- T	0.361373	0.000678	B -- T	0.091221	0.000404	A -- B -- T	0.091334	0.000404
2.7800	0.1523	0.0003	2.0404	0.5473	0.4527	<nil>	0.109493	0.000441	T	0.346580	0.000671	A -- T	0.361356	0.000678	B -- T	0.091265	0.000404	A -- B -- T	0.091306	0.000404
2.7900	0.1522	0.0003	2.0411	0.5474	0.4526	<nil>	0.109844	0.000442	T	0.346211	0.000671	A -- T	0.361330	0.000678	B -- T	0.091327	0.000404	A -- B -- T	0.091288	0.000404
2.8000	0.1521	0.0003	2.0413	0.5476	0.4524	<nil>	0.110180	0.000443	T	0.346140	0.000671	A -- T	0.361218	0.000678	B -- T	0.091264	0.000404	A -- B -- T	0.091198	0.000404
2.8100	0.1520	0.0003	2.0421	0.5476	0.4524	<nil>	0.110538	0.000443	T	0.345844	0.000671	A -- T	0.361074	0.000678	B -- T	0.091221	0.000404	A -- B -- T	0.091323	0.000404
2.8200	0.1519	0.0003	2.0426	0.5477	0.4523	<nil>	0.110899	0.000444	T	0.345583	0.000671	A -- T	0.361017	0.000678	B -- T	0.091234	0.000404	A -- B -- T	0.091267	0.000404
2.8300	0.1519	0.0003	2.0427	0.5480	0.4520	<nil>	0.111250	0.000445	T	0.345543	0.000671	A -- T	0.360945	0.000678	B -- T	0.091168	0.000404	A -- B -- T	0.091094	0.000404
2.8400	0.1518	0.0003	2.0430	0.5481	0.4519	<nil>	0.111588	0.000445	T	0.345464	0.000671	A -- T	0.360837	0.000677	B -- T	0.091059	0.000404	A -- B -- T	0.091051	0.000404
2.8500	0.1518	0.0003	2.0434	0.5483	0.4517	<nil>	0.111926	0.000446	T	0.345331	0.000671	A -- T	0.360717	0.000677	B -- T	0.091059	0.000404	A -- B -- T	0.090968	0.000404
2.8600	0.1518	0.0003	2.0435	0.5485	0.4515	<nil>	0.112264	0.000446	T	0.345354	0.000671	A -- T	0.360607	0.000677	B -- T	0.090929	0.000404	A -- B -- T	0.090846	0.000404
2.8700	0.1518	0.0003	2.0438	0.5490	0.4510	<nil>	0.112620	0.000447	T	0.345396	0.000671	A -- T	0.360326	0.000677	B -- T	0.090992	0.000404	A -- B -- T	0.090665	0.000403
2.8800	0.1518	0.0003	2.0443	0.5494	0.4506	<nil>	0.112952	0.000448	T	0.345398	0.000671	A -- T	0.360024	0.000677	B -- T	0.091042	0.000404	A -- B -- T	0.090584	0.000403
2.8900	0.1518	0.0003	2.0447	0.5496	0.4504	<nil>	0.113302	0.000448	T	0.345413	0.000671	A -- T	0.359758	0.000677	B -- T	0.090860	0.000404	A -- B -- T	0.090667	0.000403
2.9000	0.1517	0.0003	2.0455	0.5498	0.4502	<nil>	0.113618	0.000449	T	0.345227	0.000671	A -- T	0.359507	0.000677	B -- T	0.090947	0.000404	A -- B -- T	0.090701	0.000403
2.9100	0.1517	0.0003	2.0458	0.5501	0.4499	<nil>	0.113960	0.000449	T	0.345192	0.000671	A -- T	0.359292	0.000677	B -- T	0.090977	0.000404	A -- B -- T	0.090579	0.000403
2.9200	0.1517	0.0003	2.0462	0.5504	0.4496	<nil>	0.114291	0.000450	T	0.345081	0.000670	A -- T	0.359159	0.000677	B -- T	0.090994	0.000404	A -- B -- T	0.090474	0.000403
2.9300	0.1516	0.0003	2.0467	0.5505	0.4495	<nil>	0.114624	0.000450	T	0.344965	0.000670	A -- T	0.358953	0.000677	B -- T	0.090924	0.000404	A -- B -- T	0.090533	0.000403
2.9400	0.1515	0.0003	2.0472	0.5507	0.4493	<nil>	0.114991	0.000451	T	0.344711	0.000670	A -- T	0.358876	0.000677	B -- T	0.090955	0.000404	A -- B -- T	0.090467	0.000403
2.9500	0.1514	0.0003	2.0477	0.5509	0.4491	<nil>	0.115335	0.000452	T	0.344476	0.000670	A -- T	0.358815	0.000677	B -- T	0.091058	0.000404	A -- B -- T	0.090317	0.000402
2.9600	0.1513	0.0003	2.0482	0.5509	0.4491	<nil>	0.115672	0.000452	T	0.344293	0.000670	A -- T	0.358678	0.000677	B -- T	0.090966	0.000404	A -- B -- T	0.090391	0.000403
2.9700	0.1512	0.0003	2.0485	0.5511	0.4489	<nil>	0.116001	0.000453	T	0.344129	0.000670	A -- T	0.358637	0.000677	B -- T	0.090947	0.000404	A -- B -- T	0.090285	0.000402
2.9800	0.1511	0.0003	2.0492	0.5511	0.4489	<nil>	0.116343	0.000453	T	0.343788	0.000670	A -- T	0.358561	0.000676	B -- T	0.090985	0.000404	A -- B -- T	0.090324	0.000403
2.9900	0.1509	0.0003	2.0497	0.5511	0.4489	<nil>	0.116744	0.000454	T	0.343403	0.000670	A -- T	0.358583	0.000676	B -- T	0.090932	0.000404	A -- B -- T	0.090338	0.000402
3.0000	0.1508	0.0003	2.0502	0.5512	0.4488	<nil>	0.117131	0.000455	T	0.343074	0.000670	A -- T	0.358578	0.000676	B -- T	0.091007	0.000404	A -- B -- T	0.090210	0.000402
3.0100	0.1507	0.0003	2.0507	0.5513	0.4487	<nil>	0.117453	0.000455	T	0.342915	0.000669	A -- T	0.358439	0.000676	B -- T	0.090966	0.000404	A -- B -- T	0.090227	0.000402
3.0200	0.1507	0.0003	2.0511	0.5515	0.4485	<nil>	0.117816	0.000456	T	0.342818	0.000669	A -- T	0.358277	0.000676	B -- T	0.090866	0.000404	A -- B -- T	0.090224	0.000402
3.0300	0.1507	0.0003	2.0512	0.5516	0.4484	<nil>	0.118153	0.000456	T	0.342810	0.000669	A -- T	0.358162	0.000676	B -- T	0.090676	0.000403	A -- B -- T	0.090198	0.000402
3.0400	0.1506	0.0003	2.0518	0.5518	0.4482	<nil>	0.118505	0.000457	T	0.342690	0.000669	A -- T	0.357907	0.000676	B -- T	0.090637	0.000403	A -- B -- T	0.090262	0.000402
3.0500	0.1506	0.0003	2.0523	0.5520	0.4480	<nil>	0.118877	0.000458	T	0.342581	0.000669	A -- T	0.357680	0.000676	B -- T	0.090536	0.000403	A -- B -- T	0.090325	0.000402
3.0600	0.1505	0.0003	2.0528	0.5522	0.4478	<nil>	0.119182	0.000458	T	0.342418	0.000669	A -- T	0.357507	0.000676	B -- T	0.090642	0.000403	A -- B -- T	0.090251	0.000402
3.0700	0.1505	0.0003	2.0533	0.5525	0.4475	<nil>	0.119511	0.000459	T	0.342440	0.000669	A -- T	0.357200	0.000676	B -- T	0.090511	0.000403	A -- B -- T	0.090337	0.000402
3.0800	0.1505	0.0003	2.0539	0.5528	0.4472	<nil>	0.119881	0.000459	T	0.342337	0.000669	A -- T	0.356911	0.000676	B -- T	0.090599	0.000403	A -- B -- T	0.090272	0.000402
3.0900	0.1504	0.0003	2.0544	0.5531	0.4469	<nil>	0.120187	0.000460	T	0.342263	0.000669	A -- T	0.356658	0.000676	B -- T	0.090612	0.000403	A -- B -- T	0.090279	0.000402
3.1000	0.1504	0.0003	2.0546	0.5533	0.4467	<nil>	0.120516	0.000460	T	0.342231	0.000669	A -- T	0.356537	0.000676	B -- T	0.090504	0.000403	A -- B -- T	0.090212	0.000402
3.1100	0.1504	0.0003	2.0547	0.5535	0.4465	<nil>	0.120831	0.000461	T	0.342186	0.000669	A -- T	0.356455	0.000676	B -- T	0.090473	0.000403	A -- B -- T	0.090055	0.000402
3.1200	0.1504	0.0003	2.0547	0.5537	0.4463	<nil>	0.121164	0.000461	T	0.342164	0.000669	A -- T	0.356378	0.000676	B -- T	0.090376	0.000402	A -- B -- T	0.089918	0.000402
3.1300	0.1504	0.0003	2.0549	0.5541	0.4459	<nil>	0.121511	0.000462	T	0.342195	0.000669	A -- T	0.356190	0.000676	B -- T	0.090345	0.000402	A -- B -- T	0.089759	0.000401
3.1400	0.1503	0.0003	2.0553	0.5542	0.4458	<nil>	0.121818	0.000462	T	0.342095	0.000669	A -- T	0.355996	0.000675	B -- T	0.090310	0.000402	A -- B -- T	0.089781	0.000401
3.1500	0.1503	0.0003	2.0558	0.5542	0.4458	<nil>	0.122155	0.000463	T	0.341919	0.000669	A -- T	0.355834	0.000675	B -- T	0.090137	0.000402	A -- B -- T	0.089953	0.000402
3.1600	0.1502	0.0003	2.0564	0.5543	0.4457	<nil>	0.122508	0.000464	T	0.341716	0.000669	A -- T	0.355674	0.000675	B -- T	0.090105	0.000402	A -- B -- T	0.089996	0.000402
3.1700	0.1501	0.0003	2.0567	0.5546	0.4454	<nil>	0.122840	0.000464	T	0.341554	0.000669	A -- T	0.355595	0.000675	B -- T	0.090182	0.000402	A -- B -- T	0.089829	0.000401
3.1800	0.1500	0.0003	2.0573	0.5548	0.4452	<nil>	0.123140	0.000465	T	0.341345	0.000669	A -- T	0.355448	0.000675	B -- T	0.090335	0.000402	A -- B -- T	0.089731	0.000401
3.1900	0.1500	0.0003	2.0577	0.5550	0.4450	<nil>	0.123463	0.000465	T	0.341219	0.000669	A -- T	0.355275	0.000675	B -- T	0.090313	0.000402	A -- B -- T	0.089729	0.000401
3.2000	0.1499	0.0003	2.0580	0.5552	0.4448	<nil>	0.123828	0.000466	T	0.341171	0.000669	A -- T	0.355106	0.000675	B -- T	0.090231	0.000402	A -- B -- T	0.089665	0.000401
3.2100	0.1498	0.0003	2.0583	0.5553	0.4447	<nil>	0.124227	0.000466	T	0.340885	0.000668	A -- T	0.355148	0.000675	B -- T	0.090233	0.000402	A -- B -- T	0.089508	0.000401
3.2200	0.1497	0.0003	2.0583	0.5554	0.4446	<nil>	0.124577	0.000467	T	0.340717	0.000668	A -- T	0.355202	0.000675	B -- T	0.090123	0.000402	A -- B -- T	0.089381	0.000401
3.2300	0.1496	0.0003	2.0587	0.5555	0.4445	<nil>	0.124937	0.000467	T	0.340417	0.000668	A -- T	0.355213	0.000675	B -- T	0.090155	0.000402	A -- B -- T	0.089278	0.000400
3.2400	0.1496	0.0003	2.0587	0.5557	0.4443	<nil>	0.125262	0.000468	T	0.340355	0.000668	A -- T	0.355169	0.000675	B -- T	0.090058	0.000402	A -- B -- T	0.089156	0.000400
3.2500	0.1496	0.0003	2.0591	0.5558	0.4442	<nil>	0.125586	0.000469	T	0.340385	0.000668	A -- T	0.354893	0.000675	B -- T	0.089784	0.000401	A -- B -- T	0.089353	0.000400
3.2600	0.1495	0.0003	2.0596	0.5558	0.4442	<nil>	0.125929	0.000469	T	0.340236	0.000668	A -- T	0.354684	0.000675	B -- T	0.089676	0.000401	A -- B -- T	0.089475	0.000401
3.2700	0.1495	0.0003	2.0604	0.5561	0.4439	<nil>	0.126264	0.000470	T	0.340081	0.000668	A -- T	0.354371	0.000675	B -- T	0.089761	0.000401	A -- B -- T	0.089523	0.000401
3.2800	0.1494	0.0003	2.0609	0.5563	0.4437	<nil>	0.126631	0.000470	T	0.339952	0.000668	A -- T	0.354113	0.000675	B -- T	0.089767	0.000401	A -- B -- T	0.089538	0.000401
3.2900	0.1493	0.0003	2.0614	0.5565	0.4435	<nil>	0.126984	0.000471	T	0.339782	0.000668	A -- T	0.353976	0.000675	B -- T	0.089778	0.000401	A -- B -- T	0.089481	0.000401
3.3000	0.1493	0.0003	2.0617	0.5567	0.4433	<nil>	0.127299	0.000471	T	0.339700	0.000668	A -- T	0.353795	0.000675	B -- T	0.089684	0.000401	A -- B -- T	0.089522	0.000401
3.3100	0.1493	0.0003	2.0621	0.5570	0.4430	<nil>	0.127632	0.000472	T	0.339729	0.000668	A -- T	0.353504	0.000674	B -- T	0.089640	0.000401	A -- B -- T	0.089494	0.000401
3.3200	0.1493	0.0003	2.0626	0.5573	0.4427	<nil>	0.127946	0.000472	T	0.339607	0.000668	A -- T	0.353291	0.000674	B -- T	0.089729	0.000401	A -- B -- T	0.089427	0.000401
3.3300	0.1492	0.0003	2.0630	0.5577	0.4423	<nil>	0.128297	0.000473	T	0.339517	0.000668	A -- T	0.353075	0.000674	B -- T	0.089925	0.000402	A -- B -- T	0.089186	0.000400
3.3400	0.1492	0.0003	2.0631	0.5578	0.4422	<nil>	0.128642	0.000473	T	0.339408	0.000668	A -- T	0.353036	0.000674	B -- T	0.089777	0.000401	A -- B -- T	0.089138	0.000400
3.3500	0.1491	0.0003	2.0633	0.5579	0.4421	<nil>	0.128984	0.000474	T	0.339328	0.000668	A -- T	0.352932	0.000674	B -- T	0.089580	0.000401	A -- B -- T	0.089177	0.000400
3.3600	0.1491	0.0003	2.0633	0.5581	0.4419	<nil>	0.129351	0.000474	T	0.339187	0.000668	A -- T	0.352959	0.000674	B -- T	0.089596	0.000401	A -- B -- T	0.088907	0.000400
3.3700	0.1490	0.0003	2.0636	0.5583	0.4417	<nil>	0.129683	0.000475	T	0.339026	0.000668	A -- T	0.352889	0.000674	B -- T	0.089599	0.000401	A -- B -- T	0.088803	0.000399
3.3800	0.1490	0.0003	2.0643	0.5585	0.4415	<nil>	0.130052	0.000476	T	0.338917	0.000668	A -- T	0.352528	0.000674	B -- T	0.089554	0.000401	A -- B -- T	0.088950	0.000400
3.3900	0.1488	0.0003	2.0650	0.5587	0.4413	<nil>	0.130415	0.000476	T	0.338677	0.000667	A -- T	0.352323	0.000674	B -- T	0.089601	0.000401	A -- B -- T	0.088985	0.000400
3.4000	0.1488	0.0003	2.0656	0.5589	0.4411	<nil>	0.130764	0.000477	T	0.338504	0.000667	A -- T	0.352098	0.000674	B -- T	0.089607	0.000401	A -- B -- T	0.089026	0.000400
3.4100	0.1487	0.0003	2.0662	0.5590	0.4410	<nil>	0.131088	0.000477	T	0.338425	0.000667	A -- T	0.351779	0.000674	B -- T	0.089504	0.000401	A -- B -- T	0.089205	0.000400
3.4200	0.1486	0.0003	2.0663	0.5592	0.4408	<nil>	0.131434	0.000478	T	0.338213	0.000667	A -- T	0.351800	0.000674	B -- T	0.089534	0.000401	A -- B -- T	0.089018	0.000400
3.4300	0.1486	0.0003	2.0664	0.5594	0.4406	<nil>	0.131767	0.000478	T	0.338051	0.000667	A -- T	0.351811	0.000674	B -- T	0.089539	0.000401	A -- B -- T	0.088832	0.000399
3.4400	0.1485	0.0003	2.0665	0.5595	0.4405	<nil>	0.132112	0.000479	T	0.337950	0.000667	A -- T	0.351769	0.000674	B -- T	0.089413	0.000401	A -- B -- T	0.088756	0.000399
3.4500	0.1485	0.0003	2.0669	0.5597	0.4403	<nil>	0.132425	0.000479	T	0.337898	0.000667	A -- T	0.351546	0.000673	B -- T	0.089370	0.000400	A -- B -- T	0.088761	0.000399
3.4600	0.1484	0.0003	2.0672	0.5599	0.4401	<nil>	0.132737	0.000480	T	0.337672	0.000667	A -- T	0.351494	0.000673	B -- T	0.089449	0.000401	A -- B -- T	0.088648	0.000399
3.4700	0.1483	0.0003	2.0676	0.5599	0.4401	<nil>	0.133050	0.000480	T	0.337457	0.000667	A -- T	0.351444	0.000673	B -- T	0.089395	0.000401	A -- B -- T	0.088654	0.000399
3.4800	0.1481	0.0003	2.0679	0.5599	0.4401	<nil>	0.133407	0.000481	T	0.337052	0.000667	A -- T	0.351556	0.000674	B -- T	0.089405	0.000401	A -- B -- T	0.088580	0.000399
3.4900	0.1480	0.0003	2.0682	0.5599	0.4401	<nil>	0.133763	0.000481	T	0.336760	0.000667	A -- T	0.351608	0.000674	B -- T	0.089382	0.000401	A -- B -- T	0.088487	0.000399
3.5000	0.1479	0.0003	2.0686	0.5600	0.4400	<nil>	0.134064	0.000482	T	0.336615	0.000666	A -- T	0.351438	0.000673	B -- T	0.089316	0.000400	A -- B -- T	0.088566	0.000399
3.5100	0.1478	0.0003	2.0691	0.5600	0.4400	<nil>	0.134384	0.000482	T	0.336254	0.000666	A -- T	0.351433	0.000673	B -- T	0.089342	0.000401	A -- B -- T	0.088587	0.000399
3.5200	0.1476	0.0003	2.0696	0.5600	0.4400	<nil>	0.134758	0.000483	T	0.335902	0.000666	A -- T	0.351405	0.000673	B -- T	0.089367	0.000401	A -- B -- T	0.088568	0.000399
3.5300	0.1475	0.0003	2.0701	0.5600	0.4400	<nil>	0.135170	0.000483	T	0.335585	0.000666	A -- T	0.351352	0.000673	B -- T	0.089270	0.000400	A -- B -- T	0.088624	0.000399
3.5400	0.1474	0.0003	2.0705	0.5601	0.4399	<nil>	0.135518	0.000484	T	0.335485	0.000666	A -- T	0.351142	0.000673	B -- T	0.089121	0.000400	A -- B -- T	0.088734	0.000399
3.5500	0.1474	0.0003	2.0709	0.5604	0.4396	<nil>	0.135849	0.000484	T	0.335350	0.000666	A -- T	0.350962	0.000673	B -- T	0.089214	0.000400	A -- B -- T	0.088626	0.000399
3.5600	0.1474	0.0003	2.0713	0.5607	0.4393	<nil>	0.136206	0.000485	T	0.335298	0.000666	A -- T	0.350706	0.000673	B -- T	0.089177	0.000400	A -- B -- T	0.088613	0.000399
3.5700	0.1473	0.0003	2.0715	0.5610	0.4390	<nil>	0.136573	0.000486	T	0.335237	0.000666	A -- T	0.350538	0.000673	B -- T	0.089220	0.000400	A -- B -- T	0.088432	0.000399
3.5800	0.1474	0.0003	2.0719	0.5614	0.4386	<nil>	0.136875	0.000486	T	0.335279	0.000666	A -- T	0.350226	0.000673	B -- T	0.089207	0.000400	A -- B -- T	0.088413	0.000399
3.5900	0.1474	0.0003	2.0719	0.5616	0.4384	<nil>	0.137197	0.000486	T	0.335378	0.000666	A -- T	0.350010	0.000673	B -- T	0.089033	0.000400	A -- B -- T	0.088381	0.000399
3.6000	0.1474	0.0003	2.0720	0.5620	0.4380	<nil>	0.137546	0.000487	T	0.335325	0.000666	A -- T	0.349912	0.000673	B -- T	0.089098	0.000400	A -- B -- T	0.088119	0.000398
3.6100	0.1473	0.0003	2.0727	0.5621	0.4379	<nil>	0.137885	0.000487	T	0.335060	0.000666	A -- T	0.349706	0.000673	B -- T	0.089134	0.000400	A -- B -- T	0.088215	0.000398
3.6200	0.1471	0.0003	2.0736	0.5621	0.4379	<nil>	0.138202	0.000488	T	0.334757	0.000666	A -- T	0.349405	0.000673	B -- T	0.089145	0.000400	A -- B -- T	0.088491	0.000399
3.6300	0.1470	0.0003	2.0743	0.5623	0.4377	<nil>	0.138507	0.000488	T	0.334584	0.000666	A -- T	0.349128	0.000672	B -- T	0.089204	0.000400	A -- B -- T	0.088578	0.000399
3.6400	0.1470	0.0003	2.0747	0.5624	0.4376	<nil>	0.138841	0.000489	T	0.334397	0.000665	A -- T	0.348991	0.000672	B -- T	0.089186	0.000400	A -- B -- T	0.088584	0.000399
3.6500	0.1469	0.0003	2.0749	0.5625	0.4375	<nil>	0.139210	0.000489	T	0.334229	0.000665	A -- T	0.348973	0.000672	B -- T	0.089092	0.000400	A -- B -- T	0.088496	0.000399
3.6600	0.1468	0.0003	2.0751	0.5627	0.4373	<nil>	0.139538	0.000490	T	0.334093	0.000665	A -- T	0.348867	0.000672	B -- T	0.089078	0.000400	A -- B -- T	0.088425	0.000399
3.6700	0.1468	0.0003	2.0754	0.5629	0.4371	<nil>	0.139906	0.000490	T	0.333919	0.000665	A -- T	0.348774	0.000672	B -- T	0.089097	0.000400	A -- B -- T	0.088303	0.000398
3.6800	0.1468	0.0003	2.0755	0.5631	0.4369	<nil>	0.140218	0.000491	T	0.333905	0.000665	A -- T	0.348633	0.000672	B -- T	0.088984	0.000400	A -- B -- T	0.088260	0.000398
3.6900	0.1467	0.0003	2.0756	0.5632	0.4368	<nil>	0.140506	0.000491	T	0.333817	0.000665	A -- T	0.348543	0.000672	B -- T	0.088924	0.000400	A -- B -- T	0.088210	0.000398
3.7000	0.1467	0.0003	2.0759	0.5634	0.4366	<nil>	0.140797	0.000492	T	0.333725	0.000665	A -- T	0.348403	0.000672	B -- T	0.088871	0.000400	A -- B -- T	0.088204	0.000398
3.7100	0.1467	0.0003	2.0763	0.5638	0.4362	<nil>	0.141130	0.000492	T	0.333717	0.000665	A -- T	0.348082	0.000672	B -- T	0.088933	0.000400	A -- B -- T	0.088137	0.000398
3.7200	0.1466	0.0003	2.0765	0.5640	0.4360	<nil>	0.141468	0.000493	T	0.333638	0.000665	A -- T	0.347965	0.000672	B -- T	0.088894	0.000400	A -- B -- T	0.088035	0.000398
3.7300	0.1466	0.0003	2.0769	0.5643	0.4357	<nil>	0.141819	0.000493	T	0.333556	0.000665	A -- T	0.347729	0.000672	B -- T	0.088932	0.000400	A -- B -- T	0.087964	0.000398
3.7400	0.1465	0.0003	2.0773	0.5644	0.4356	<nil>	0.142120	0.000494	T	0.333405	0.000665	A -- T	0.347546	0.000672	B -- T	0.088899	0.000400	A -- B -- T	0.088030	0.000398
3.7500	0.1465	0.0003	2.0775	0.5646	0.4354	<nil>	0.142448	0.000494	T	0.333293	0.000665	A -- T	0.347434	0.000672	B -- T	0.088854	0.000399	A -- B -- T	0.087971	0.000398
3.7600	0.1464	0.0003	2.0778	0.5648	0.4352	<nil>	0.142812	0.000495	T	0.333214	0.000665	A -- T	0.347226	0.000672	B -- T	0.088762	0.000399	A -- B -- T	0.087985	0.000398
3.7700	0.1464	0.0003	2.0780	0.5650	0.4350	<nil>	0.143180	0.000495	T	0.333069	0.000665	A -- T	0.347168	0.000672	B -- T	0.088761	0.000399	A -- B -- T	0.087821	0.000397
3.7800	0.1463	0.0003	2.0783	0.5652	0.4348	<nil>	0.143568	0.000496	T	0.332929	0.000665	A -- T	0.346989	0.000672	B -- T	0.088662	0.000399	A -- B -- T	0.087851	0.000398
3.7900	0.1463	0.0003	2.0785	0.5653	0.4347	<nil>	0.143912	0.000496	T	0.332870	0.000665	A -- T	0.346833	0.000671	B -- T	0.088512	0.000399	A -- B -- T	0.087873	0.000398
3.8000	0.1462	0.0003	2.0786	0.5654	0.4346	<nil>	0.144222	0.000497	T	0.332713	0.000665	A -- T	0.346839	0.000671	B -- T	0.088437	0.000399	A -- B -- T	0.087789	0.000397
3.8100	0.1461	0.0003	2.0789	0.5654	0.4346	<nil>	0.144553	0.000497	T	0.332512	0.000664	A -- T	0.346763	0.000671	B -- T	0.088380	0.000399	A -- B -- T	0.087793	0.000397
3.8200	0.1461	0.0003	2.0791	0.5657	0.4343	<nil>	0.144874	0.000498	T	0.332431	0.000664	A -- T	0.346619	0.000671	B -- T	0.088402	0.000398	A -- B -- T	0.087674	0.000397
3.8300	0.1460	0.0003	2.0791	0.5657	0.4343	<nil>	0.145197	0.000498	T	0.332162	0.000664	A -- T	0.346764	0.000671	B -- T	0.088302	0.000398	A -- B -- T	0.087575	0.000397
3.8400	0.1459	0.0003	2.0793	0.5658	0.4342	<nil>	0.145519	0.000499	T	0.332017	0.000664	A -- T	0.346696	0.000671	B -- T	0.088269	0.000398	A -- B -- T	0.087499	0.000397
3.8500	0.1458	0.0003	2.0796	0.5660	0.4340	<nil>	0.145849	0.000499	T	0.331748	0.000664	A -- T	0.346672	0.000671	B -- T	0.088394	0.000399	A -- B -- T	0.087336	0.000396
3.8600	0.1457	0.0003	2.0800	0.5662	0.4338	<nil>	0.146185	0.000500	T	0.331575	0.000664	A -- T	0.346510	0.000671	B -- T	0.088417	0.000399	A -- B -- T	0.087314	0.000396
3.8700	0.1456	0.0003	2.0805	0.5664	0.4336	<nil>	0.146527	0.000500	T	0.331308	0.000664	A -- T	0.346390	0.000671	B -- T	0.088534	0.000399	A -- B -- T	0.087241	0.000396
3.8800	0.1456	0.0003	2.0808	0.5666	0.4334	<nil>	0.146842	0.000500	T	0.331265	0.000664	A -- T	0.346172	0.000671	B -- T	0.088532	0.000399	A -- B -- T	0.087188	0.000396
3.8900	0.1456	0.0003	2.0808	0.5669	0.4331	<nil>	0.147189	0.000501	T	0.331196	0.000664	A -- T	0.346071	0.000671	B -- T	0.088497	0.000399	A -- B -- T	0.087048	0.000396
3.9000	0.1455	0.0003	2.0811	0.5671	0.4329	<nil>	0.147546	0.000501	T	0.331086	0.000664	A -- T	0.345923	0.000671	B -- T	0.088514	0.000399	A -- B -- T	0.086931	0.000396
3.9100	0.1455	0.0003	2.0813	0.5673	0.4327	<nil>	0.147862	0.000502	T	0.330952	0.000664	A -- T	0.345825	0.000671	B -- T	0.088514	0.000399	A -- B -- T	0.086847	0.000395
3.9200	0.1454	0.0003	2.0814	0.5675	0.4325	<nil>	0.148194	0.000502	T	0.330856	0.000664	A -- T	0.345737	0.000671	B -- T	0.088488	0.000399	A -- B -- T	0.086726	0.000395
3.9300	0.1454	0.0003	2.0815	0.5677	0.4323	<nil>	0.148545	0.000503	T	0.330780	0.000664	A -- T	0.345605	0.000671	B -- T	0.088400	0.000399	A -- B -- T	0.086671	0.000395
3.9400	0.1453	0.0003	2.0819	0.5679	0.4321	<nil>	0.148910	0.000503	T	0.330553	0.000663	A -- T	0.345499	0.000671	B -- T	0.088418	0.000399	A -- B -- T	0.086621	0.000395
3.9500	0.1452	0.0003	2.0825	0.5680	0.4320	<nil>	0.149251	0.000504	T	0.330444	0.000663	A -- T	0.345164	0.000671	B -- T	0.088302	0.000398	A -- B -- T	0.086839	0.000395
3.9600	0.1452	0.0003	2.0829	0.5682	0.4318	<nil>	0.149606	0.000504	T	0.330292	0.000663	A -- T	0.344985	0.000671	B -- T	0.088279	0.000398	A -- B -- T	0.086839	0.000395
3.9700	0.1451	0.0003	2.0830	0.5684	0.4316	<nil>	0.149944	0.000505	T	0.330077	0.000663	A -- T	0.344977	0.000671	B -- T	0.088415	0.000399	A -- B -- T	0.086587	0.000395
3.9800	0.1450	0.0003	2.0835	0.5686	0.4314	<nil>	0.150279	0.000505	T	0.329851	0.000663	A -- T	0.344804	0.000671	B -- T	0.088461	0.000399	A -- B -- T	0.086605	0.000395
3.9900	0.1449	0.0003	2.0839	0.5689	0.4311	<nil>	0.150586	0.000506	T	0.329738	0.000663	A -- T	0.344633	0.000670	B -- T	0.088577	0.000399	A -- B -- T	0.086466	0.000395
4.0000	0.1449	0.0003	2.0840	0.5690	0.4310	<nil>	0.150886	0.000506	T	0.329698	0.000663	A -- T	0.344492	0.000670	B -- T	0.088453	0.000399	A -- B -- T	0.086472	0.000395
4.0100	0.1449	0.0003	2.0841	0.5692	0.4308	<nil>	0.151166	0.000507	T	0.329678	0.000663	A -- T	0.344336	0.000670	B -- T	0.088400	0.000399	A -- B -- T	0.086420	0.000394
4.0200	0.1449	0.0003	2.0843	0.5695	0.4305	<nil>	0.151440	0.000507	T	0.329766	0.000663	A -- T	0.344044	0.000670	B -- T	0.088267	0.000398	A -- B -- T	0.086483	0.000395
4.0300	0.1449	0.0003	2.0846	0.5696	0.4304	<nil>	0.151755	0.000507	T	0.329591	0.000663	A -- T	0.343928	0.000670	B -- T	0.088292	0.000398	A -- B -- T	0.086434	0.000395
4.0400	0.1448	0.0003	2.0847	0.5697	0.4303	<nil>	0.152062	0.000508	T	0.329407	0.000663	A -- T	0.343938	0.000670	B -- T	0.088272	0.000398	A -- B -- T	0.086321	0.000394
4.0500	0.1447	0.0003	2.0849	0.5699	0.4301	<nil>	0.152349	0.000508	T	0.329311	0.000663	A -- T	0.343803	0.000670	B -- T	0.088263	0.000398	A -- B -- T	0.086275	0.000394
4.0600	0.1447	0.0003	2.0852	0.5701	0.4299	<nil>	0.152662	0.000509	T	0.329187	0.000663	A -- T	0.343679	0.000670	B -- T	0.088285	0.000398	A -- B -- T	0.086187	0.000394
4.0700	0.1446	0.0003	2.0853	0.5703	0.4297	<nil>	0.152986	0.000509	T	0.329113	0.000663	A -- T	0.343550	0.000670	B -- T	0.088192	0.000398	A -- B -- T	0.086160	0.000394
4.0800	0.1447	0.0003	2.0856	0.5706	0.4294	<nil>	0.153313	0.000509	T	0.329198	0.000663	A -- T	0.343193	0.000670	B -- T	0.088077	0.000398	A -- B -- T	0.086218	0.000394
4.0900	0.1446	0.0003	2.0859	0.5708	0.4292	<nil>	0.153635	0.000510	T	0.329078	0.000663	A -- T	0.343010	0.000670	B -- T	0.088057	0.000398	A -- B -- T	0.086220	0.000394
4.1000	0.1447	0.0003	2.0862	0.5710	0.4290	<nil>	0.153958	0.000510	T	0.329163	0.000663	A -- T	0.342664	0.000670	B -- T	0.087924	0.000398	A -- B -- T	0.086291	0.000394
4.1100	0.1446	0.0003	2.0864	0.5711	0.4289	<nil>	0.154239	0.000511	T	0.329060	0.000663	A -- T	0.342533	0.000669	B -- T	0.087814	0.000397	A -- B -- T	0.086354	0.000394
4.1200	0.1446	0.0003	2.0866	0.5713	0.4287	<nil>	0.154578	0.000511	T	0.329023	0.000663	A -- T	0.342319	0.000669	B -- T	0.087701	0.000397	A -- B -- T	0.086379	0.000394
4.1300	0.1446	0.0003	2.0869	0.5715	0.4285	<nil>	0.154881	0.000512	T	0.328960	0.000663	A -- T	0.342084	0.000669	B -- T	0.087617	0.000397	A -- B -- T	0.086458	0.000395
4.1400	0.1445	0.0003	2.0872	0.5717	0.4283	<nil>	0.155215	0.000512	T	0.328783	0.000663	A -- T	0.341982	0.000669	B -- T	0.087676	0.000397	A -- B -- T	0.086344	0.000394
4.1500	0.1444	0.0003	2.0875	0.5719	0.4281	<nil>	0.155544	0.000512	T	0.328662	0.000663	A -- T	0.341788	0.000669	B -- T	0.087734	0.000397	A -- B -- T	0.086271	0.000394
4.1600	0.1444	0.0003	2.0878	0.5722	0.4278	<nil>	0.155902	0.000513	T	0.328567	0.000662	A -- T	0.341615	0.000669	B -- T	0.087740	0.000397	A -- B -- T	0.086176	0.000394
4.1700	0.1443	0.0003	2.0881	0.5725	0.4275	<nil>	0.156261	0.000513	T	0.328329	0.000662	A -- T	0.341520	0.000669	B -- T	0.087948	0.000398	A -- B -- T	0.085942	0.000393
4.1800	0.1443	0.0003	2.0883	0.5727	0.4273	<nil>	0.156629	0.000514	T	0.328217	0.000662	A -- T	0.341353	0.000669	B -- T	0.087823	0.000397	A -- B -- T	0.085979	0.000394
4.1900	0.1442	0.0003	2.0885	0.5729	0.4271	<nil>	0.157010	0.000514	T	0.327992	0.000662	A -- T	0.341300	0.000669	B -- T	0.087876	0.000397	A -- B -- T	0.085823	0.000393
4.2000	0.1442	0.0003	2.0888	0.5733	0.4267	<nil>	0.157330	0.000515	T	0.328042	0.000662	A -- T	0.340992	0.000669	B -- T	0.087895	0.000398	A -- B -- T	0.085742	0.000393
4.2100	0.1442	0.0003	2.0890	0.5734	0.4266	<nil>	0.157636	0.000515	T	0.328037	0.000662	A -- T	0.340745	0.000669	B -- T	0.087689	0.000397	A -- B -- T	0.085893	0.000393
4.2200	0.1442	0.0003	2.0891	0.5734	0.4266	<nil>	0.157940	0.000516	T	0.327995	0.000662	A -- T	0.340599	0.000669	B -- T	0.087450	0.000397	A -- B -- T	0.086016	0.000394
4.2300	0.1440	0.0003	2.0892	0.5734	0.4266	<nil>	0.158295	0.000516	T	0.327707	0.000662	A -- T	0.340696	0.000669	B -- T	0.087412	0.000397	A -- B -- T	0.085890	0.000393
4.2400	0.1439	0.0003	2.0894	0.5734	0.4266	<nil>	0.158637	0.000517	T	0.327446	0.000662	A -- T	0.340704	0.000669	B -- T	0.087301	0.000396	A -- B -- T	0.085913	0.000393
4.2500	0.1439	0.0003	2.0895	0.5735	0.4265	<nil>	0.158989	0.000517	T	0.327406	0.000662	A -- T	0.340534	0.000669	B -- T	0.087141	0.000396	A -- B -- T	0.085930	0.000393
4.2600	0.1439	0.0003	2.0895	0.5737	0.4263	<nil>	0.159329	0.000517	T	0.327306	0.000662	A -- T	0.340439	0.000668	B -- T	0.087042	0.000396	A -- B -- T	0.085884	0.000393
4.2700	0.1438	0.0003	2.0896	0.5738	0.4262	<nil>	0.159658	0.000518	T	0.327224	0.000662	A -- T	0.340341	0.000668	B -- T	0.086956	0.000396	A -- B -- T	0.085820	0.000393
4.2800	0.1437	0.0003	2.0902	0.5740	0.4260	<nil>	0.160013	0.000518	T	0.327068	0.000662	A -- T	0.340043	0.000668	B -- T	0.086941	0.000396	A -- B -- T	0.085935	0.000393
4.2900	0.1437	0.0003	2.0907	0.5743	0.4257	<nil>	0.160316	0.000519	T	0.326936	0.000662	A -- T	0.339789	0.000668	B -- T	0.087056	0.000396	A -- B -- T	0.085903	0.000393
4.3000	0.1436	0.0003	2.0910	0.5745	0.4255	<nil>	0.160623	0.000519	T	0.326769	0.000662	A -- T	0.339645	0.000668	B -- T	0.087121	0.000396	A -- B -- T	0.085842	0.000393
4.3100	0.1436	0.0003	2.0913	0.5748	0.4252	<nil>	0.160936	0.000520	T	0.326752	0.000662	A -- T	0.339350	0.000668	B -- T	0.087136	0.000396	A -- B -- T	0.085825	0.000393
4.3200	0.1436	0.0003	2.0915	0.5751	0.4249	<nil>	0.161267	0.000520	T	0.326739	0.000662	A -- T	0.339136	0.000668	B -- T	0.087075	0.000396	A -- B -- T	0.085783	0.000393
4.3300	0.1436	0.0003	2.0918	0.5752	0.4248	<nil>	0.161565	0.000520	T	0.326703	0.000662	A -- T	0.338892	0.000668	B -- T	0.086960	0.000396	A -- B -- T	0.085880	0.000393
4.3400	0.1436	0.0003	2.0917	0.5756	0.4244	<nil>	0.161876	0.000521	T	0.326682	0.000662	A -- T	0.338793	0.000668	B -- T	0.086996	0.000396	A -- B -- T	0.085653	0.000393
4.3500	0.1436	0.0003	2.0919	0.5759	0.4241	<nil>	0.162195	0.000521	T	0.326676	0.000662	A -- T	0.338557	0.000668	B -- T	0.087057	0.000396	A -- B -- T	0.085516	0.000393
4.3600	0.1436	0.0003	2.0921	0.5762	0.4238	<nil>	0.162505	0.000522	T	0.326638	0.000661	A -- T	0.338350	0.000667	B -- T	0.087040	0.000396	A -- B -- T	0.085467	0.000392
4.3700	0.1435	0.0003	2.0921	0.5764	0.4236	<nil>	0.162778	0.000522	T	0.326616	0.000661	A -- T	0.338260	0.000667	B -- T	0.087055	0.000396	A -- B -- T	0.085291	0.000392
4.3800	0.1434	0.0003	2.0924	0.5766	0.4234	<nil>	0.163098	0.000522	T	0.326369	0.000661	A -- T	0.338202	0.000667	B -- T	0.087139	0.000396	A -- B -- T	0.085193	0.000392
4.3900	0.1434	0.0003	2.0924	0.5767	0.4233	<nil>	0.163442	0.000523	T	0.326266	0.000661	A -- T	0.338104	0.000667	B -- T	0.087013	0.000396	A -- B -- T	0.085176	0.000392
4.4000	0.1434	0.0003	2.0924	0.5768	0.4232	<nil>	0.163749	0.000523	T	0.326264	0.000661	A -- T	0.337973	0.000667	B -- T	0.086833	0.000395	A -- B -- T	0.085181	0.000392
4.4100	0.1433	0.0003	2.0928	0.5769	0.4231	<nil>	0.164080	0.000524	T	0.326138	0.000661	A -- T	0.337744	0.000667	B -- T	0.086719	0.000395	A -- B -- T	0.085319	0.000392
4.4200	0.1433	0.0003	2.0929	0.5770	0.4230	<nil>	0.164381	0.000524	T	0.326019	0.000661	A -- T	0.337668	0.000667	B -- T	0.086612	0.000395	A -- B -- T	0.085319	0.000392
4.4300	0.1433	0.0003	2.0930	0.5771	0.4229	<nil>	0.164712	0.000524	T	0.325987	0.000661	A -- T	0.337508	0.000667	B -- T	0.086397	0.000394	A -- B -- T	0.085395	0.000392
4.4400	0.1432	0.0003	2.0932	0.5772	0.4228	<nil>	0.165038	0.000525	T	0.325776	0.000661	A -- T	0.337461	0.000667	B -- T	0.086387	0.000395	A -- B -- T	0.085339	0.000392
4.4500	0.1431	0.0003	2.0934	0.5773	0.4227	<nil>	0.165335	0.000525	T	0.325523	0.000661	A -- T	0.337463	0.000667	B -- T	0.086420	0.000395	A -- B -- T	0.085259	0.000392
4.4600	0.1430	0.0003	2.0934	0.5774	0.4226	<nil>	0.165696	0.000526	T	0.325458	0.000661	A -- T	0.337321	0.000667	B -- T	0.086262	0.000394	A -- B -- T	0.085263	0.000392
4.4700	0.1430	0.0003	2.0935	0.5775	0.4225	<nil>	0.166035	0.000526	T	0.325261	0.000661	A -- T	0.337304	0.000667	B -- T	0.086209	0.000394	A -- B -- T	0.085191	0.000392
4.4800	0.1429	0.0003	2.0935	0.5776	0.4224	<nil>	0.166395	0.000527	T	0.325105	0.000661	A -- T	0.337314	0.000667	B -- T	0.086076	0.000394	A -- B -- T	0.085109	0.000392
4.4900	0.1428	0.0003	2.0936	0.5778	0.4222	<nil>	0.166726	0.000527	T	0.325008	0.000661	A -- T	0.337154	0.000667	B -- T	0.086032	0.000394	A -- B -- T	0.085079	0.000392
4.5000	0.1428	0.0003	2.0936	0.5779	0.4221	<nil>	0.167052	0.000527	T	0.324851	0.000661	A -- T	0.337165	0.000667	B -- T	0.085957	0.000394	A -- B -- T	0.084975	0.000392
4.5100	0.1428	0.0003	2.0935	0.5780	0.4220	<nil>	0.167381	0.000528	T	0.324828	0.000660	A -- T	0.337062	0.000667	B -- T	0.085794	0.000393	A -- B -- T	0.084934	0.000391
4.5200	0.1427	0.0003	2.0938	0.5782	0.4218	<nil>	0.167736	0.000528	T	0.324654	0.000660	A -- T	0.336914	0.000667	B -- T	0.085804	0.000393	A -- B -- T	0.084892	0.000391
4.5300	0.1426	0.0003	2.0938	0.5783	0.4217	<nil>	0.168067	0.000529	T	0.324488	0.000660	A -- T	0.336903	0.000667	B -- T	0.085723	0.000393	A -- B -- T	0.084820	0.000391
4.5400	0.1426	0.0003	2.0939	0.5785	0.4215	<nil>	0.168398	0.000529	T	0.324472	0.000660	A -- T	0.336744	0.000667	B -- T	0.085599	0.000393	A -- B -- T	0.084787	0.000391
4.5500	0.1426	0.0003	2.0939	0.5786	0.4214	<nil>	0.168705	0.000530	T	0.324376	0.000660	A -- T	0.336653	0.000667	B -- T	0.085518	0.000393	A -- B -- T	0.084748	0.000391
4.5600	0.1425	0.0003	2.0937	0.5788	0.4212	<nil>	0.169044	0.000530	T	0.324347	0.000660	A -- T	0.336609	0.000667	B -- T	0.085380	0.000392	A -- B -- T	0.084621	0.000391
4.5700	0.1425	0.0003	2.0940	0.5789	0.4211	<nil>	0.169393	0.000530	T	0.324126	0.000660	A -- T	0.336506	0.000667	B -- T	0.085406	0.000392	A -- B -- T	0.084570	0.000391
4.5800	0.1423	0.0003	2.0944	0.5789	0.4211	<nil>	0.169715	0.000531	T	0.323859	0.000660	A -- T	0.336436	0.000667	B -- T	0.085343	0.000392	A -- B -- T	0.084646	0.000391
4.5900	0.1422	0.0003	2.0944	0.5789	0.4211	<nil>	0.170022	0.000531	T	0.323641	0.000660	A -- T	0.336460	0.000667	B -- T	0.085277	0.000392	A -- B -- T	0.084600	0.000391
4.6000	0.1421	0.0003	2.0946	0.5792	0.4208	<nil>	0.170356	0.000532	T	0.323386	0.000660	A -- T	0.336424	0.000667	B -- T	0.085409	0.000392	A -- B -- T	0.084424	0.000390
4.6100	0.1421	0.0003	2.0949	0.5792	0.4208	<nil>	0.170665	0.000532	T	0.323213	0.000660	A -- T	0.336317	0.000667	B -- T	0.085296	0.000392	A -- B -- T	0.084509	0.000391
4.6200	0.1420	0.0003	2.0949	0.5793	0.4207	<nil>	0.170979	0.000532	T	0.323065	0.000660	A -- T	0.336299	0.000667	B -- T	0.085259	0.000392	A -- B -- T	0.084398	0.000390
4.6300	0.1419	0.0003	2.0951	0.5794	0.4206	<nil>	0.171346	0.000533	T	0.322843	0.000659	A -- T	0.336226	0.000666	B -- T	0.085166	0.000392	A -- B -- T	0.084419	0.000390
4.6400	0.1419	0.0003	2.0952	0.5795	0.4205	<nil>	0.171670	0.000533	T	0.322778	0.000659	A -- T	0.336047	0.000666	B -- T	0.085017	0.000392	A -- B -- T	0.084487	0.000390
4.6500	0.1418	0.0003	2.0953	0.5796	0.4204	<nil>	0.172011	0.000534	T	0.322693	0.000659	A -- T	0.335936	0.000666	B -- T	0.084908	0.000391	A -- B -- T	0.084453	0.000390
4.6600	0.1417	0.0003	2.0956	0.5797	0.4203	<nil>	0.172356	0.000534	T	0.322523	0.000659	A -- T	0.335784	0.000666	B -- T	0.084799	0.000391	A -- B -- T	0.084537	0.000391
4.6700	0.1417	0.0003	2.0958	0.5798	0.4202	<nil>	0.172738	0.000534	T	0.322368	0.000659	A -- T	0.335603	0.000666	B -- T	0.084724	0.000391	A -- B -- T	0.084567	0.000391
4.6800	0.1416	0.0003	2.0959	0.5799	0.4201	<nil>	0.173123	0.000535	T	0.322186	0.000659	A -- T	0.335550	0.000666	B -- T	0.084590	0.000391	A -- B -- T	0.084551	0.000391
4.6900	0.1415	0.0003	2.0959	0.5801	0.4199	<nil>	0.173474	0.000535	T	0.322059	0.000659	A -- T	0.335462	0.000666	B -- T	0.084541	0.000391	A -- B -- T	0.084464	0.000391
4.7000	0.1415	0.0003	2.0962	0.5803	0.4197	<nil>	0.173797	0.000536	T	0.321874	0.000659	A -- T	0.335343	0.000666	B -- T	0.084638	0.000391	A -- B -- T	0.084348	0.000390
4.7100	0.1414	0.0003	2.0965	0.5805	0.4195	<nil>	0.174130	0.000536	T	0.321671	0.000659	A -- T	0.335206	0.000666	B -- T	0.084682	0.000391	A -- B -- T	0.084311	0.000390
4.7200	0.1413	0.0003	2.0966	0.5807	0.4193	<nil>	0.174452	0.000537	T	0.321557	0.000659	A -- T	0.335099	0.000666	B -- T	0.084720	0.000391	A -- B -- T	0.084172	0.000390
4.7300	0.1413	0.0003	2.0969	0.5808	0.4192	<nil>	0.174752	0.000537	T	0.321427	0.000659	A -- T	0.334931	0.000666	B -- T	0.084619	0.000391	A -- B -- T	0.084271	0.000390
4.7400	0.1412	0.0003	2.0973	0.5809	0.4191	<nil>	0.175042	0.000537	T	0.321237	0.000659	A -- T	0.334734	0.000666	B -- T	0.084629	0.000391	A -- B -- T	0.084359	0.000390
4.7500	0.1411	0.0003	2.0975	0.5811	0.4189	<nil>	0.175347	0.000538	T	0.321141	0.000659	A -- T	0.334559	0.000666	B -- T	0.084622	0.000391	A -- B -- T	0.084331	0.000390
4.7600	0.1410	0.0003	2.0980	0.5812	0.4188	<nil>	0.175685	0.000538	T	0.320847	0.000658	A -- T	0.334459	0.000666	B -- T	0.084681	0.000391	A -- B -- T	0.084329	0.000390
4.7700	0.1410	0.0003	2.0983	0.5816	0.4184	<nil>	0.176003	0.000538	T	0.320768	0.000658	A -- T	0.334175	0.000665	B -- T	0.084822	0.000391	A -- B -- T	0.084231	0.000390
4.7800	0.1409	0.0003	2.0988	0.5819	0.4181	<nil>	0.176358	0.000539	T	0.320553	0.000658	A -- T	0.333971	0.000665	B -- T	0.084961	0.000392	A -- B -- T	0.084157	0.000390
4.7900	0.1408	0.0003	2.0992	0.5821	0.4179	<nil>	0.176700	0.000539	T	0.320338	0.000658	A -- T	0.333771	0.000665	B -- T	0.085105	0.000392	A -- B -- T	0.084085	0.000390
4.8000	0.1408	0.0003	2.0993	0.5823	0.4177	<nil>	0.177046	0.000540	T	0.320306	0.000658	A -- T	0.333558	0.000665	B -- T	0.084986	0.000391	A -- B -- T	0.084105	0.000390
4.8100	0.1407	0.0003	2.0991	0.5825	0.4175	<nil>	0.177390	0.000540	T	0.320226	0.000658	A -- T	0.333566	0.000665	B -- T	0.084859	0.000391	A -- B -- T	0.083959	0.000389
4.8200	0.1407	0.0003	2.0989	0.5826	0.4174	<nil>	0.177683	0.000540	T	0.320229	0.000658	A -- T	0.333514	0.000665	B -- T	0.084697	0.000391	A -- B -- T	0.083877	0.000389
4.8300	0.1407	0.0003	2.0993	0.5828	0.4172	<nil>	0.177999	0.000541	T	0.320046	0.000658	A -- T	0.333309	0.000665	B -- T	0.084759	0.000391	A -- B -- T	0.083887	0.000389
4.8400	0.1406	0.0003	2.0995	0.5830	0.4170	<nil>	0.178326	0.000541	T	0.319955	0.000658	A -- T	0.333123	0.000665	B -- T	0.084751	0.000391	A -- B -- T	0.083845	0.000389
4.8500	0.1405	0.0003	2.0998	0.5831	0.4169	<nil>	0.178667	0.000542	T	0.319732	0.000658	A -- T	0.333010	0.000665	B -- T	0.084712	0.000391	A -- B -- T	0.083880	0.000389
4.8600	0.1405	0.0003	2.0998	0.5832	0.4168	<nil>	0.178984	0.000542	T	0.319643	0.000658	A -- T	0.332935	0.000665	B -- T	0.084559	0.000391	A -- B -- T	0.083878	0.000389
4.8700	0.1405	0.0003	2.0995	0.5834	0.4166	<nil>	0.179306	0.000542	T	0.319615	0.000658	A -- T	0.332897	0.000665	B -- T	0.084523	0.000391	A -- B -- T	0.083659	0.000389
4.8800	0.1404	0.0003	2.0996	0.5835	0.4165	<nil>	0.179609	0.000543	T	0.319493	0.000658	A -- T	0.332822	0.000665	B -- T	0.084426	0.000390	A -- B -- T	0.083650	0.000389
4.8900	0.1404	0.0003	2.0997	0.5836	0.4164	<nil>	0.179925	0.000543	T	0.319441	0.000658	A -- T	0.332664	0.000665	B -- T	0.084247	0.000390	A -- B -- T	0.083722	0.000389
4.9000	0.1403	0.0003	2.0999	0.5838	0.4162	<nil>	0.180256	0.000544	T	0.319319	0.000658	A -- T	0.332492	0.000665	B -- T	0.084182	0.000390	A -- B -- T	0.083752	0.000389
4.9100	0.1403	0.0003	2.1003	0.5840	0.4160	<nil>	0.180593	0.000544	T	0.319213	0.000658	A -- T	0.332209	0.000664	B -- T	0.084176	0.000390	A -- B -- T	0.083809	0.000389
4.9200	0.1403	0.0003	2.1005	0.5842	0.4158	<nil>	0.180899	0.000544	T	0.319184	0.000658	A -- T	0.331966	0.000664	B -- T	0.084072	0.000390	A -- B -- T	0.083879	0.000389
4.9300	0.1403	0.0003	2.1004	0.5844	0.4156	<nil>	0.181191	0.000545	T	0.319245	0.000658	A -- T	0.331767	0.000664	B -- T	0.084003	0.000389	A -- B -- T	0.083794	0.000389
4.9400	0.1402	0.0003	2.1007	0.5848	0.4152	<nil>	0.181469	0.000545	T	0.319092	0.000657	A -- T	0.331611	0.000664	B -- T	0.084192	0.000390	A -- B -- T	0.083635	0.000389
4.9500	0.1402	0.0003	2.1011	0.5850	0.4150	<nil>	0.181792	0.000545	T	0.318982	0.000657	A -- T	0.331320	0.000664	B -- T	0.084225	0.000390	A -- B -- T	0.083680	0.000389
4.9600	0.1402	0.0003	2.1015	0.5852	0.4148	<nil>	0.182124	0.000546	T	0.318942	0.000657	A -- T	0.331013	0.000664	B -- T	0.084178	0.000390	A -- B -- T	0.083743	0.000389
4.9700	0.1402	0.0003	2.1011	0.5855	0.4145	<nil>	0.182469	0.000546	T	0.318915	0.000657	A -- T	0.331040	0.000664	B -- T	0.084092	0.000390	A -- B -- T	0.083484	0.000388
4.9800	0.1401	0.0003	2.1011	0.5856	0.4144	<nil>	0.182770	0.000546	T	0.318720	0.000657	A -- T	0.331043	0.000664	B -- T	0.084124	0.000390	A -- B -- T	0.083343	0.000388
