Trajectory	State	Proba	State	Proba	State	Proba	State	Proba	State	Proba	State	Proba	State	Proba	State	Proba	State	Proba	State	Proba	State	Proba	State	Proba	State	Proba	State	Proba	State	Proba	State	Proba	State	Proba
#1	p53	0.09802569618	Mdm2N -- p53	0.09343409619	p53_h -- p53	0.03241017592	Mdm2N -- p53 -- Mdm2C	0.1376548853	p53_h -- p53 -- Mdm2C	0.03207697258	Mdm2N -- p53_h -- p53 -- Mdm2C	0.151309225	Dam	0.0001842168671	Mdm2N -- Dam	0.001210511975	p53 -- Dam	0.1217991568	Mdm2N -- p53 -- Dam	0.1122753837	p53_h -- p53 -- Dam	0.05989388876	Mdm2N -- Mdm2C -- Dam	0.02747649494	Mdm2N -- p53 -- Mdm2C -- Dam	0.09108289602	p53_h -- p53 -- Mdm2C -- Dam	0.003548807489	Mdm2N -- p53_h -- p53 -- Mdm2C -- Dam	0.0376175923
#2	p53	0.070197428	Mdm2N -- p53	0.1118796986	p53_h -- p53	0.0942391542	Mdm2N -- p53 -- Mdm2C	0.1716594064	p53_h -- p53 -- Mdm2C	0.05397505101	Mdm2N -- p53_h -- p53 -- Mdm2C	0.1589483614	Dam	0.0001908936078	Mdm2N -- Dam	0.007711980446	p53 -- Dam	0.02002709433	Mdm2N -- p53 -- Dam	0.08729168422	p53_h -- p53 -- Dam	0.05156829755	Mdm2N -- Mdm2C -- Dam	0.04199016047	Mdm2N -- p53 -- Mdm2C -- Dam	0.04324348862	p53_h -- p53 -- Mdm2C -- Dam	0.01191913754	Mdm2N -- p53_h -- p53 -- Mdm2C -- Dam	0.07515816358
#3	p53	0.2023661732	Mdm2N -- p53	0.06188651408	p53_h -- p53	0.1544469507	Mdm2N -- p53 -- Mdm2C	0.214959217	p53_h -- p53 -- Mdm2C	0.02462361267	Mdm2N -- p53_h -- p53 -- Mdm2C	0.1918705445	Dam	0.0001964511677	Mdm2N -- Dam	0.01735003719	p53 -- Dam	0.02999950459	Mdm2N -- p53 -- Dam	0.02410428249	p53_h -- p53 -- Dam	0.02276998248	Mdm2N -- Mdm2C -- Dam	0.0001463921338	Mdm2N -- p53 -- Mdm2C -- Dam	0.03485209183	p53_h -- p53 -- Mdm2C -- Dam	0.004297930257	Mdm2N -- p53_h -- p53 -- Mdm2C -- Dam	0.01613031563
#4	p53	0.1271733748	Mdm2N -- p53	0.2180334307	p53_h -- p53	0.0375930729	Mdm2N -- p53 -- Mdm2C	0.1435335068	p53_h -- p53 -- Mdm2C	0.05174330555	Mdm2N -- p53_h -- p53 -- Mdm2C	0.3781711159	Dam	0.0003690267535	Mdm2N -- Dam	0.002918508056	p53 -- Dam	0.02028627441	p53_h -- p53 -- Dam	0.003529557034	p53_h -- p53 -- Mdm2C -- Dam	0.01020709677	Mdm2N -- p53_h -- p53 -- Mdm2C -- Dam	0.00644173036
#5	p53	0.158007097	Mdm2N -- p53	0.2043990825	p53_h -- p53	0.09867722121	Mdm2N -- p53 -- Mdm2C	0.138941571	p53_h -- p53 -- Mdm2C	0.04588254928	Mdm2N -- p53_h -- p53 -- Mdm2C	0.2593215678	Dam	0.0002094880059	Mdm2N -- Dam	0.002211838103	p53 -- Dam	0.03071569733	p53_h -- p53 -- Dam	0.0343941602	Mdm2N -- Mdm2C -- Dam	0.006140775494	p53_h -- p53 -- Mdm2C -- Dam	0.003035774137	Mdm2N -- p53_h -- p53 -- Mdm2C -- Dam	0.01806317791
#6	p53	0.1343767794	Mdm2N -- p53	0.1361106218	p53_h -- p53	0.1558519265	Mdm2N -- p53 -- Mdm2C	0.243251933	p53_h -- p53 -- Mdm2C	0.06196213268	Mdm2N -- p53_h -- p53 -- Mdm2C	0.241279884	Dam	0.000217126881	Mdm2N -- Dam	0.009119237769	p53 -- Dam	0.006870025599	p53_h -- p53 -- Dam	0.0009358027163	Mdm2N -- Mdm2C -- Dam	0.01002452962
#7	Mdm2N	0.1993987045	p53	0.08560633411	Mdm2N -- p53	0.08370308694	p53_h -- p53	0.04946986332	Mdm2N -- p53 -- Mdm2C	0.1794053123	p53_h -- p53 -- Mdm2C	0.0257301754	Mdm2N -- p53_h -- p53 -- Mdm2C	0.06820896459	Dam	0.0001979867627	Mdm2N -- Dam	0.01485209565	p53 -- Dam	0.0572874024	Mdm2N -- p53 -- Dam	0.03889352623	p53_h -- p53 -- Dam	0.03283461854	Mdm2N -- p53 -- Mdm2C -- Dam	0.07394467909	p53_h -- p53 -- Mdm2C -- Dam	0.02752485707	Mdm2N -- p53_h -- p53 -- Mdm2C -- Dam	0.06294239314
#8	Mdm2N	0.1076890413	p53	0.1595706811	Mdm2N -- p53	0.21948958	p53_h -- p53	0.1098762987	Mdm2N -- p53 -- Mdm2C	0.1035980138	p53_h -- p53 -- Mdm2C	0.04748856796	Mdm2N -- p53_h -- p53 -- Mdm2C	0.1254673011	Dam	0.0002321861999	Mdm2N -- Dam	0.0441369823	p53 -- Dam	0.02318064306	Mdm2N -- p53 -- Dam	0.0003169493775	p53_h -- p53 -- Dam	0.0194662781	Mdm2N -- Mdm2C -- Dam	0.02118734709	Mdm2N -- p53 -- Mdm2C -- Dam	0.001070156611	p53_h -- p53 -- Mdm2C -- Dam	0.006843178651	Mdm2N -- p53_h -- p53 -- Mdm2C -- Dam	0.01038679459
#9	p53_h -- p53	0.01794962556	Dam	0.0004564517074	Mdm2N -- Dam	0.05742367514	p53 -- Dam	0.2456165084	Mdm2N -- p53 -- Dam	0.2386956924	p53_h -- p53 -- Dam	0.0646690933	Mdm2N -- Mdm2C -- Dam	0.03033122208	Mdm2N -- p53 -- Mdm2C -- Dam	0.1960664347	p53_h -- p53 -- Mdm2C -- Dam	0.05533105769	Mdm2N -- p53_h -- p53 -- Mdm2C -- Dam	0.09346023909
#10	p53	0.1471439671	Mdm2N -- p53	0.1413313271	p53_h -- p53	0.1347533226	Mdm2N -- p53 -- Mdm2C	0.1914196544	p53_h -- p53 -- Mdm2C	0.04591116584	Mdm2N -- p53_h -- p53 -- Mdm2C	0.2332679875	Dam	0.0002463958546	Mdm2N -- Dam	0.01059316367	p53 -- Dam	0.007368692803	p53_h -- p53 -- Dam	0.00917481617	Mdm2N -- Mdm2C -- Dam	0.04825537406	p53_h -- p53 -- Mdm2C -- Dam	0.01247947952	Mdm2N -- p53_h -- p53 -- Mdm2C -- Dam	0.01805465334
#11	p53	0.1659462863	Mdm2N -- p53	0.1589864087	p53_h -- p53	0.09173815621	Mdm2N -- p53 -- Mdm2C	0.1340534669	p53_h -- p53 -- Mdm2C	0.0688011388	Mdm2N -- p53_h -- p53 -- Mdm2C	0.2168420448	Dam	0.0002549979178	Mdm2N -- Dam	0.02234920003	p53 -- Dam	0.04001367148	Mdm2N -- p53 -- Dam	0.03075477862	p53_h -- p53 -- Dam	0.01605850668	Mdm2N -- Mdm2C -- Dam	0.0008316368283	Mdm2N -- p53 -- Mdm2C -- Dam	0.009336854966	p53_h -- p53 -- Mdm2C -- Dam	0.03095207375	Mdm2N -- p53_h -- p53 -- Mdm2C -- Dam	0.01308077807
#12	p53	0.07944548284	Mdm2N -- p53	0.2069220375	p53_h -- p53	0.07420720108	Mdm2N -- p53 -- Mdm2C	0.1701743735	p53_h -- p53 -- Mdm2C	0.06384238968	Mdm2N -- p53_h -- p53 -- Mdm2C	0.1387013548	Dam	0.0006872583269	Mdm2N -- Dam	0.02728011616	p53 -- Dam	0.03290240274	Mdm2N -- p53 -- Dam	0.06019422803	p53_h -- p53 -- Dam	0.03774678539	Mdm2N -- p53 -- Mdm2C -- Dam	0.07890621964	p53_h -- p53 -- Mdm2C -- Dam	0.02154961765	Mdm2N -- p53_h -- p53 -- Mdm2C -- Dam	0.007440532636
#13	p53	0.144172818	Mdm2N -- p53	0.2110969822	p53_h -- p53	0.1936460665	Mdm2N -- p53 -- Mdm2C	0.1026354768	p53_h -- p53 -- Mdm2C	0.05613799086	Mdm2N -- p53_h -- p53 -- Mdm2C	0.2394862456	Dam	4.379806368e-05	Mdm2N -- Dam	0.007071462386	p53 -- Dam	0.02723525165	p53_h -- p53 -- Dam	0.01847390789
#14	Mdm2N	0.1313680457	p53	0.1509604433	Mdm2N -- p53	0.2559196871	p53_h -- p53	0.05920047521	Mdm2N -- p53 -- Mdm2C	0.1825568585	p53_h -- p53 -- Mdm2C	0.05270072233	Mdm2N -- p53_h -- p53 -- Mdm2C	0.1347791904	Dam	0.0002835076066	Mdm2N -- Dam	0.01229706563	p53 -- Dam	0.007953801237	p53_h -- p53 -- Dam	0.0007899991492	Mdm2N -- Mdm2C -- Dam	0.01119020383
#15	Mdm2N	0.6554387491	p53	0.03142190187	Mdm2N -- p53	0.05179488441	p53_h -- p53	0.03593337683	Mdm2N -- Mdm2C	0.03191953958	Mdm2N -- p53 -- Mdm2C	0.04740116471	p53_h -- p53 -- Mdm2C	0.02085950091	Mdm2N -- p53_h -- p53 -- Mdm2C	0.02429387414	Dam	0.0002935045808	Mdm2N -- Dam	0.0255189892	p53 -- Dam	0.03576344655	p53_h -- p53 -- Dam	0.002317248801	Mdm2N -- Mdm2C -- Dam	0.01631573472	p53_h -- p53 -- Mdm2C -- Dam	0.002573674676	Mdm2N -- p53_h -- p53 -- Mdm2C -- Dam	0.01815440996
#16	Mdm2N	0.04197318411	p53	0.04029288668	Mdm2N -- p53	0.1412889461	p53_h -- p53	0.06502072975	Mdm2N -- p53 -- Mdm2C	0.1065408516	p53_h -- p53 -- Mdm2C	0.05120058631	Mdm2N -- p53_h -- p53 -- Mdm2C	0.130040395	Dam	0.0003040276652	Mdm2N -- Dam	0.08078423612	p53 -- Dam	0.1450121455	Mdm2N -- p53 -- Dam	0.01839940497	p53_h -- p53 -- Dam	0.03517145386	Mdm2N -- Mdm2C -- Dam	0.02322506613	Mdm2N -- p53 -- Mdm2C -- Dam	0.06227613072	p53_h -- p53 -- Mdm2C -- Dam	0.01257706385	Mdm2N -- p53_h -- p53 -- Mdm2C -- Dam	0.04589289157
#17	p53	0.06024294061	Mdm2N -- p53	0.06745423887	p53_h -- p53	0.007043311356	Mdm2N -- p53 -- Mdm2C	0.1242653287	p53_h -- p53 -- Mdm2C	0.03021570313	Mdm2N -- p53_h -- p53 -- Mdm2C	0.06488128661	Dam	5.559416044e-05	Mdm2N -- Dam	0.0336657209	p53 -- Dam	0.1621766944	Mdm2N -- p53 -- Dam	0.08516767478	p53_h -- p53 -- Dam	0.05990399077	Mdm2N -- p53 -- Mdm2C -- Dam	0.2031381468	p53_h -- p53 -- Mdm2C -- Dam	0.01025852017	Mdm2N -- p53_h -- p53 -- Mdm2C -- Dam	0.09153084874
#18	Mdm2N	0.1148970629	p53	0.0669563702	Mdm2N -- p53	0.1209743579	p53_h -- p53	0.03153692109	Mdm2N -- p53 -- Mdm2C	0.03808554296	p53_h -- p53 -- Mdm2C	0.01260603852	Mdm2N -- p53_h -- p53 -- Mdm2C	0.02779591811	Dam	0.0001408406253	Mdm2N -- Dam	0.05811850783	p53 -- Dam	0.1873126695	Mdm2N -- p53 -- Dam	0.07702404995	p53_h -- p53 -- Dam	0.04149548405	Mdm2N -- p53 -- Mdm2C -- Dam	0.06329374798	p53_h -- p53 -- Mdm2C -- Dam	0.02607673888	Mdm2N -- p53_h -- p53 -- Mdm2C -- Dam	0.1336857495
#19	Mdm2N	0.7099968841	Mdm2N -- p53	0.002250601368	Mdm2N -- p53 -- Mdm2C	0.03990369488	Mdm2N -- p53_h -- p53 -- Mdm2C	0.00941990093	Dam	0.0003393924379	Mdm2N -- Dam	0.02913879746	p53 -- Dam	0.05410303685	Mdm2N -- p53 -- Dam	0.04111588012	p53_h -- p53 -- Dam	0.04076435717	Mdm2N -- Mdm2C -- Dam	0.001548413028	Mdm2N -- p53 -- Mdm2C -- Dam	0.05192588062	p53_h -- p53 -- Mdm2C -- Dam	0.007816511378	Mdm2N -- p53_h -- p53 -- Mdm2C -- Dam	0.01167664965
#20	p53	0.1598233247	Mdm2N -- p53	0.1849658835	p53_h -- p53	0.1323084365	Mdm2N -- p53 -- Mdm2C	0.2124966146	p53_h -- p53 -- Mdm2C	0.04127493331	Mdm2N -- p53_h -- p53 -- Mdm2C	0.1455798616	Dam	5.770087334e-06	Mdm2N -- Dam	0.004528346014	p53 -- Dam	0.03808041828	Mdm2N -- p53 -- Dam	0.009044778824	p53_h -- p53 -- Dam	0.01124241955	Mdm2N -- p53 -- Mdm2C -- Dam	0.02094691048	p53_h -- p53 -- Mdm2C -- Dam	0.009389559619	Mdm2N -- p53_h -- p53 -- Mdm2C -- Dam	0.03031274287
#21	Mdm2N	0.633709317	Mdm2N -- p53	0.01356726431	Mdm2N -- p53 -- Mdm2C	0.001764652905	Mdm2N -- p53_h -- p53 -- Mdm2C	0.002053053002	Dam	0.0003670029853	Mdm2N -- Dam	0.006854337373	p53 -- Dam	0.07896937858	Mdm2N -- p53 -- Dam	0.06084988061	p53_h -- p53 -- Dam	0.04669881518	Mdm2N -- Mdm2C -- Dam	0.008096154206	Mdm2N -- p53 -- Mdm2C -- Dam	0.07717097113	p53_h -- p53 -- Mdm2C -- Dam	0.02871547806	Mdm2N -- p53_h -- p53 -- Mdm2C -- Dam	0.04118369462
#22	p53	0.1756203934	Mdm2N -- p53	0.2051437662	p53_h -- p53	0.06493369116	Mdm2N -- p53 -- Mdm2C	0.1698426638	p53_h -- p53 -- Mdm2C	0.03411623441	Mdm2N -- p53_h -- p53 -- Mdm2C	0.2940455759	Dam	0.0001598919722	Mdm2N -- Dam	0.01235706548	p53 -- Dam	0.03810167747	p53_h -- p53 -- Dam	0.00484773851	p53_h -- p53 -- Mdm2C -- Dam	0.0003390118488	Mdm2N -- p53_h -- p53 -- Mdm2C -- Dam	0.0004922898608
#23	Mdm2N	0.2566388041	p53	0.1265093854	Mdm2N -- p53	0.05376874574	p53_h -- p53	0.0984047831	Mdm2N -- Mdm2C	0.006068252443	Mdm2N -- p53 -- Mdm2C	0.06513768221	p53_h -- p53 -- Mdm2C	0.0147279325	Mdm2N -- p53_h -- p53 -- Mdm2C	0.1102437106	Dam	0.0003356180049	Mdm2N -- Dam	0.01789500343	p53 -- Dam	0.1013891325	Mdm2N -- p53 -- Dam	0.03042540706	p53_h -- p53 -- Dam	0.03817999912	Mdm2N -- p53 -- Mdm2C -- Dam	0.04907571739	p53_h -- p53 -- Mdm2C -- Dam	0.006583170944	Mdm2N -- p53_h -- p53 -- Mdm2C -- Dam	0.0246166555
#24	p53	0.1957524377	Mdm2N -- p53	0.1560804218	p53_h -- p53	0.1908131187	Mdm2N -- p53 -- Mdm2C	0.1187946974	p53_h -- p53 -- Mdm2C	0.04397168532	Mdm2N -- p53_h -- p53 -- Mdm2C	0.1861750171	Dam	1.546152149e-05	Mdm2N -- Dam	0.02534214804	p53 -- Dam	0.04547740183	Mdm2N -- p53 -- Dam	0.003100332222	p53_h -- p53 -- Dam	0.006066556985	Mdm2N -- p53 -- Mdm2C -- Dam	0.001256562201	p53_h -- p53 -- Mdm2C -- Dam	0.002625254988	Mdm2N -- p53_h -- p53 -- Mdm2C -- Dam	0.02452890422
#25	Mdm2N	0.6214271207	p53	0.1079865913	Mdm2N -- p53	0.07410555068	p53_h -- p53	0.01033696176	Mdm2N -- Mdm2C	8.235672436e-05	Mdm2N -- p53 -- Mdm2C	0.02330515401	p53_h -- p53 -- Mdm2C	0.009146878679	Mdm2N -- p53_h -- p53 -- Mdm2C	0.03860383067	Dam	0.0004372188781	Mdm2N -- Dam	0.008200869125	p53 -- Dam	0.04220309067	p53_h -- p53 -- Dam	0.005995611664	Mdm2N -- Mdm2C -- Dam	0.03790053546	p53_h -- p53 -- Mdm2C -- Dam	0.002130949052	Mdm2N -- p53_h -- p53 -- Mdm2C -- Dam	0.01813728056
#26	Mdm2N	0.01117235496	p53	0.0665840936	Mdm2N -- p53	0.1332311397	p53_h -- p53	0.1190093259	Mdm2N -- p53 -- Mdm2C	0.0790778071	p53_h -- p53 -- Mdm2C	0.04816580402	Mdm2N -- p53_h -- p53 -- Mdm2C	0.09606479969	Dam	0.0004322161266	Mdm2N -- Dam	0.07820185154	p53 -- Dam	0.1216262661	Mdm2N -- p53 -- Dam	0.009475238544	p53_h -- p53 -- Dam	0.04323847103	Mdm2N -- p53 -- Mdm2C -- Dam	0.1209253955	p53_h -- p53 -- Mdm2C -- Dam	0.02117402191	Mdm2N -- p53_h -- p53 -- Mdm2C -- Dam	0.0516212143
#27	p53	0.1047129245	Mdm2N -- p53	0.1340757984	p53_h -- p53	0.154952117	Mdm2N -- p53 -- Mdm2C	0.1579742495	p53_h -- p53 -- Mdm2C	0.0596147848	Mdm2N -- p53_h -- p53 -- Mdm2C	0.1170815329	Dam	0.0004838135545	Mdm2N -- Dam	0.03919847078	p53 -- Dam	0.07832635206	Mdm2N -- p53 -- Dam	0.06402849897	p53_h -- p53 -- Dam	0.02180977305	Mdm2N -- Mdm2C -- Dam	0.002284645732	Mdm2N -- p53 -- Mdm2C -- Dam	0.01260877378	p53_h -- p53 -- Mdm2C -- Dam	0.006176186669	Mdm2N -- p53_h -- p53 -- Mdm2C -- Dam	0.04667207833
#28	Mdm2N	0.2006270709	p53	0.1184005116	Mdm2N -- p53	0.09010242337	p53_h -- p53	0.06757547737	Mdm2N -- Mdm2C	0.008801741437	Mdm2N -- p53 -- Mdm2C	0.1935915149	p53_h -- p53 -- Mdm2C	0.04532873799	Mdm2N -- p53_h -- p53 -- Mdm2C	0.1375393054	Dam	0.000513017642	Mdm2N -- Dam	0.002580361036	p53 -- Dam	0.03631735605	Mdm2N -- p53 -- Dam	0.00490738762	p53_h -- p53 -- Dam	0.02324857552	Mdm2N -- Mdm2C -- Dam	0.005417253324	Mdm2N -- p53 -- Mdm2C -- Dam	0.04952241782	p53_h -- p53 -- Mdm2C -- Dam	0.005161547087	Mdm2N -- p53_h -- p53 -- Mdm2C -- Dam	0.01036530099
#29	Mdm2N	0.850664984	p53_h -- p53	0.03064100775	Mdm2N -- Mdm2C	0.01324629086	Mdm2N -- p53 -- Mdm2C	0.008821084312	p53_h -- p53 -- Mdm2C	0.007086734009	Mdm2N -- p53_h -- p53 -- Mdm2C	0.001302545293	Dam	9.644644739e-05	Mdm2N -- Dam	0.009129162258	p53 -- Dam	0.05463713888	p53_h -- p53 -- Dam	0.0243746062
#30	p53	0.1380690347	Mdm2N -- p53	0.09771901593	p53_h -- p53	0.1586848344	Mdm2N -- p53 -- Mdm2C	0.1426636648	p53_h -- p53 -- Mdm2C	0.03681238654	Mdm2N -- p53_h -- p53 -- Mdm2C	0.1866562202	Dam	0.0002054171306	Mdm2N -- Dam	0.01360899969	p53 -- Dam	0.08543829914	Mdm2N -- p53 -- Dam	0.03189803913	p53_h -- p53 -- Dam	0.01398214589	Mdm2N -- p53 -- Mdm2C -- Dam	0.02092714708	p53_h -- p53 -- Mdm2C -- Dam	0.0008556121245	Mdm2N -- p53_h -- p53 -- Mdm2C -- Dam	0.07247918322
#31	p53	0.1470808371	Mdm2N -- p53	0.1401630852	p53_h -- p53	0.1597904705	Mdm2N -- p53 -- Mdm2C	0.2125065858	p53_h -- p53 -- Mdm2C	0.01788877623	Mdm2N -- p53_h -- p53 -- Mdm2C	0.1775520004	Dam	0.0004694491809	Mdm2N -- Dam	0.01949279412	p53 -- Dam	0.06327600211	p53_h -- p53 -- Dam	0.02522880537	p53_h -- p53 -- Mdm2C -- Dam	0.001041620806	Mdm2N -- p53_h -- p53 -- Mdm2C -- Dam	0.03550957317
#32	Mdm2N	0.1130049312	p53	0.0664298898	Mdm2N -- p53	0.1343614814	p53_h -- p53	0.1671429768	Mdm2N -- p53 -- Mdm2C	0.1620580712	p53_h -- p53 -- Mdm2C	0.06472682954	Mdm2N -- p53_h -- p53 -- Mdm2C	0.1147151919	Dam	0.0007036182719	Mdm2N -- Dam	0.003660667831	p53 -- Dam	0.01977360185	Mdm2N -- p53 -- Dam	0.005972254213	p53_h -- p53 -- Dam	0.01933980481	Mdm2N -- Mdm2C -- Dam	0.0280541284	Mdm2N -- p53 -- Mdm2C -- Dam	0.02306874059	p53_h -- p53 -- Mdm2C -- Dam	0.02159854581	Mdm2N -- p53_h -- p53 -- Mdm2C -- Dam	0.05538926636
#33	p53	0.07519715804	Mdm2N -- p53	0.02535679329	p53_h -- p53	0.05349163727	Mdm2N -- p53 -- Mdm2C	0.1445584168	p53_h -- p53 -- Mdm2C	0.0237877641	Mdm2N -- p53_h -- p53 -- Mdm2C	0.1307934462	Dam	0.0001125575152	Mdm2N -- Dam	0.05174124992	p53 -- Dam	0.1377001538	Mdm2N -- p53 -- Dam	0.07067798	p53_h -- p53 -- Dam	0.0693047986	Mdm2N -- Mdm2C -- Dam	0.00173821445	Mdm2N -- p53 -- Mdm2C -- Dam	0.08714498117	p53_h -- p53 -- Mdm2C -- Dam	0.03403496777	Mdm2N -- p53_h -- p53 -- Mdm2C -- Dam	0.09435988114
#34	Mdm2N	0.7105083766	Mdm2N -- p53	0.01302061116	p53_h -- p53	0.002310137443	Mdm2N -- p53 -- Mdm2C	0.0003674596217	p53_h -- p53 -- Mdm2C	0.002382483756	Mdm2N -- p53_h -- p53 -- Mdm2C	0.01287981648	Dam	0.001022275387	Mdm2N -- Dam	0.02344744965	p53 -- Dam	0.03364727916	Mdm2N -- p53 -- Dam	0.03778695103	p53_h -- p53 -- Dam	0.03221321579	Mdm2N -- Mdm2C -- Dam	0.000250865001	Mdm2N -- p53 -- Mdm2C -- Dam	0.08135807996	p53_h -- p53 -- Mdm2C -- Dam	0.002922385932	Mdm2N -- p53_h -- p53 -- Mdm2C -- Dam	0.045882613
#35	p53	0.1469869224	Mdm2N -- p53	0.1112306807	p53_h -- p53	0.1085745161	Mdm2N -- p53 -- Mdm2C	0.3349527852	p53_h -- p53 -- Mdm2C	0.04865336342	Mdm2N -- p53_h -- p53 -- Mdm2C	0.1226678512	Dam	1.158595327e-06	Mdm2N -- Dam	0.06059279544	p53 -- Dam	0.05166872468	p53_h -- p53 -- Dam	0.01162138811	Mdm2N -- Mdm2C -- Dam	0.003049814175
#36	Mdm2N	0.4805716028	Mdm2N -- Mdm2C	0.003851551975	Mdm2N -- p53 -- Mdm2C	0.008994022647	Mdm2N -- p53_h -- p53 -- Mdm2C	0.0008396721051	Dam	3.551431679e-06	Mdm2N -- Dam	0.004802676466	p53 -- Dam	0.0577123424	Mdm2N -- p53 -- Dam	0.1343394487	p53_h -- p53 -- Dam	0.07979519811	Mdm2N -- Mdm2C -- Dam	0.006317798496	Mdm2N -- p53 -- Mdm2C -- Dam	0.1180407898	p53_h -- p53 -- Mdm2C -- Dam	0.03653449405	Mdm2N -- p53_h -- p53 -- Mdm2C -- Dam	0.06819685097
#37	Mdm2N	0.8236323413	p53_h -- p53	0.02882094605	Mdm2N -- Mdm2C	0.01676020961	Mdm2N -- p53 -- Mdm2C	0.04738471604	p53_h -- p53 -- Mdm2C	0.003606257474	Mdm2N -- p53_h -- p53 -- Mdm2C	0.03972266702	Dam	0.0001288835326	Mdm2N -- Dam	0.01021844541	p53 -- Dam	0.0005971162932	p53_h -- p53 -- Dam	0.02912841727
#38	Mdm2N	0.6638931364	p53	0.02497352266	Mdm2N -- p53	0.04019505296	p53_h -- p53	0.02924168959	Mdm2N -- p53 -- Mdm2C	0.07197416676	p53_h -- p53 -- Mdm2C	0.02851199113	Mdm2N -- p53_h -- p53 -- Mdm2C	0.0311954494	Dam	0.0002668058775	Mdm2N -- Dam	0.01506880341	p53 -- Dam	0.03602582647	Mdm2N -- p53 -- Dam	0.008547056622	p53_h -- p53 -- Dam	0.02470988585	Mdm2N -- p53 -- Mdm2C -- Dam	0.01202465564	p53_h -- p53 -- Mdm2C -- Dam	0.0001890497113	Mdm2N -- p53_h -- p53 -- Mdm2C -- Dam	0.01318290753
#39	p53	0.05872749435	Mdm2N -- p53	0.02641284445	p53_h -- p53	0.01401592959	Mdm2N -- p53 -- Mdm2C	0.04737965866	p53_h -- p53 -- Mdm2C	0.001664530548	Mdm2N -- p53_h -- p53 -- Mdm2C	0.08525025575	Dam	1.0835252e-05	Mdm2N -- Dam	0.1250012408	p53 -- Dam	0.1763700179	Mdm2N -- p53 -- Dam	0.1766663555	p53_h -- p53 -- Dam	0.04311849787	Mdm2N -- Mdm2C -- Dam	0.02135727751	Mdm2N -- p53 -- Mdm2C -- Dam	0.1101319622	p53_h -- p53 -- Mdm2C -- Dam	0.04265000748	Mdm2N -- p53_h -- p53 -- Mdm2C -- Dam	0.07124309221
#40	p53	0.08674192383	Mdm2N -- p53	0.1646309735	p53_h -- p53	0.1644357792	Mdm2N -- p53 -- Mdm2C	0.1493089746	p53_h -- p53 -- Mdm2C	0.06738310321	Mdm2N -- p53_h -- p53 -- Mdm2C	0.218162905	Dam	1.338313174e-05	Mdm2N -- Dam	0.006001309195	p53 -- Dam	0.03227687871	Mdm2N -- p53 -- Dam	0.00827838721	p53_h -- p53 -- Dam	0.009662865154	Mdm2N -- Mdm2C -- Dam	0.03092578914	Mdm2N -- p53 -- Mdm2C -- Dam	0.00539924414	p53_h -- p53 -- Mdm2C -- Dam	0.009766657705	Mdm2N -- p53_h -- p53 -- Mdm2C -- Dam	0.04701182626
#41	Mdm2N	0.6031908373	p53	0.003250097085	Mdm2N -- p53	0.00663526506	p53_h -- p53	0.05619945011	Mdm2N -- Mdm2C	0.03878150967	Mdm2N -- p53 -- Mdm2C	0.05385505521	p53_h -- p53 -- Mdm2C	0.01338579039	Mdm2N -- p53_h -- p53 -- Mdm2C	0.01702943377	Dam	0.0001473151757	Mdm2N -- Dam	0.04974188098	p53 -- Dam	0.02037495565	Mdm2N -- p53 -- Dam	0.02250095614	p53_h -- p53 -- Dam	0.04118304231	Mdm2N -- p53 -- Mdm2C -- Dam	0.005896924547	p53_h -- p53 -- Mdm2C -- Dam	0.004713251102	Mdm2N -- p53_h -- p53 -- Mdm2C -- Dam	0.06311423553
#42	Mdm2N	0.4580545799	p53	0.03807121745	Mdm2N -- p53	0.08962320841	p53_h -- p53	0.02236187492	Mdm2N -- p53 -- Mdm2C	0.08447697477	p53_h -- p53 -- Mdm2C	0.01427760091	Mdm2N -- p53_h -- p53 -- Mdm2C	0.05540775575	Dam	1.852945636e-05	Mdm2N -- Dam	0.03053910452	p53 -- Dam	0.03402064812	Mdm2N -- p53 -- Dam	0.04306578768	p53_h -- p53 -- Dam	0.02744073105	Mdm2N -- Mdm2C -- Dam	0.0009428058022	Mdm2N -- p53 -- Mdm2C -- Dam	0.03797736233	p53_h -- p53 -- Mdm2C -- Dam	0.02895283671	Mdm2N -- p53_h -- p53 -- Mdm2C -- Dam	0.03476898226
#43	Mdm2N	0.7349112174	p53	0.05593751492	Mdm2N -- p53	0.02700705261	p53_h -- p53	0.03464777519	Mdm2N -- p53 -- Mdm2C	0.003794050244	p53_h -- p53 -- Mdm2C	0.01163143009	Mdm2N -- p53_h -- p53 -- Mdm2C	0.05081710163	Dam	2.113859234e-05	Mdm2N -- Dam	0.0009074479555	p53 -- Dam	0.06522743422	p53_h -- p53 -- Dam	0.01124448007	Mdm2N -- Mdm2C -- Dam	0.003853357114
#44	Mdm2N	0.3140495263	p53	0.07448975567	Mdm2N -- p53	0.0561370776	p53_h -- p53	0.04700448706	Mdm2N -- Mdm2C	0.00323337927	Mdm2N -- p53 -- Mdm2C	0.1526357571	p53_h -- p53 -- Mdm2C	0.01800956394	Mdm2N -- p53_h -- p53 -- Mdm2C	0.1279548641	Dam	7.30315646e-05	Mdm2N -- Dam	0.007260812517	p53 -- Dam	0.06790435035	Mdm2N -- p53 -- Dam	0.03069664941	p53_h -- p53 -- Dam	0.02965314741	Mdm2N -- p53 -- Mdm2C -- Dam	0.01013565842	p53_h -- p53 -- Mdm2C -- Dam	0.02040028656	Mdm2N -- p53_h -- p53 -- Mdm2C -- Dam	0.0403616528
#45	Mdm2N	0.2213429087	p53	0.1767372816	Mdm2N -- p53	0.1017207716	p53_h -- p53	0.04134366137	Mdm2N -- Mdm2C	0.005898904457	Mdm2N -- p53 -- Mdm2C	0.147974365	p53_h -- p53 -- Mdm2C	0.03884022847	Mdm2N -- p53_h -- p53 -- Mdm2C	0.141601049	Dam	2.646125341e-05	Mdm2N -- Dam	0.01676194873	p53 -- Dam	0.07072213498	p53_h -- p53 -- Dam	0.02432225684	Mdm2N -- Mdm2C -- Dam	0.01137049012	p53_h -- p53 -- Mdm2C -- Dam	0.001337537805
#46	p53	0.1743448191	Mdm2N -- p53	0.06019808056	p53_h -- p53	0.1230695923	Mdm2N -- p53 -- Mdm2C	0.1399165121	p53_h -- p53 -- Mdm2C	0.02459635662	Mdm2N -- p53_h -- p53 -- Mdm2C	0.09622831025	Dam	2.90026482e-05	Mdm2N -- Dam	0.03511369927	p53 -- Dam	0.03174125102	Mdm2N -- p53 -- Dam	0.07878471041	p53_h -- p53 -- Dam	0.01424329045	Mdm2N -- Mdm2C -- Dam	0.01645029086	Mdm2N -- p53 -- Mdm2C -- Dam	0.1457049488	p53_h -- p53 -- Mdm2C -- Dam	0.01443027464	Mdm2N -- p53_h -- p53 -- Mdm2C -- Dam	0.04514886095
#47	p53	0.1264935113	Mdm2N -- p53	0.2259147168	p53_h -- p53	0.1330162943	Mdm2N -- p53 -- Mdm2C	0.117393123	p53_h -- p53 -- Mdm2C	0.03746449984	Mdm2N -- p53_h -- p53 -- Mdm2C	0.09027299041	Dam	0.0001608507484	Mdm2N -- Dam	0.03613767162	p53 -- Dam	0.02666510431	Mdm2N -- p53 -- Dam	0.03409726091	p53_h -- p53 -- Dam	0.05602738069	Mdm2N -- p53 -- Mdm2C -- Dam	0.06524429302	p53_h -- p53 -- Mdm2C -- Dam	0.01984920469	Mdm2N -- p53_h -- p53 -- Mdm2C -- Dam	0.03126309831
#48	Mdm2N	0.009989996177	p53	0.1507156546	Mdm2N -- p53	0.148391255	p53_h -- p53	0.1524042429	Mdm2N -- p53 -- Mdm2C	0.1584049701	p53_h -- p53 -- Mdm2C	0.06453619546	Mdm2N -- p53_h -- p53 -- Mdm2C	0.1503073969	Dam	3.472065463e-05	Mdm2N -- Dam	0.008681324482	p53 -- Dam	0.06206955238	Mdm2N -- p53 -- Dam	0.01093661972	p53_h -- p53 -- Dam	0.004549244275	Mdm2N -- Mdm2C -- Dam	0.03443339408	Mdm2N -- p53 -- Mdm2C -- Dam	0.03033483457	p53_h -- p53 -- Mdm2C -- Dam	0.003866763639	Mdm2N -- p53_h -- p53 -- Mdm2C -- Dam	0.01034383507
#49	p53	0.1757890123	Mdm2N -- p53	0.1737535802	p53_h -- p53	0.1464574531	Mdm2N -- p53 -- Mdm2C	0.1975437027	p53_h -- p53 -- Mdm2C	0.02650193199	Mdm2N -- p53_h -- p53 -- Mdm2C	0.1504374954	Dam	0.0001890859658	Mdm2N -- Dam	0.0597291281	p53 -- Dam	0.003732740089	p53_h -- p53 -- Dam	0.04831831989	p53_h -- p53 -- Mdm2C -- Dam	0.002784201899	Mdm2N -- p53_h -- p53 -- Mdm2C -- Dam	0.01476334838
#50	Mdm2N	0.1475561501	p53	0.1107297233	Mdm2N -- p53	0.2933907294	p53_h -- p53	0.09783909271	Mdm2N -- p53 -- Mdm2C	0.1668045878	p53_h -- p53 -- Mdm2C	0.07550709596	Mdm2N -- p53_h -- p53 -- Mdm2C	0.09475794775	Dam	0.0004162719167	Mdm2N -- Dam	0.001659546264	p53 -- Dam	0.004042271646	p53_h -- p53 -- Dam	0.007296583271
#51	p53	0.2173441096	Mdm2N -- p53	0.2214240362	p53_h -- p53	0.08654400227	Mdm2N -- p53 -- Mdm2C	0.1068947852	p53_h -- p53 -- Mdm2C	0.05985690934	Mdm2N -- p53_h -- p53 -- Mdm2C	0.1602275422	Dam	4.307742755e-05	Mdm2N -- Dam	0.002924490481	p53 -- Dam	0.1292876233	p53_h -- p53 -- Dam	0.01079662613	Mdm2N -- Mdm2C -- Dam	0.004656797934
#52	p53	0.07351719068	Mdm2N -- p53	0.3682304591	p53_h -- p53	0.08363679082	Mdm2N -- p53 -- Mdm2C	0.09013356829	p53_h -- p53 -- Mdm2C	0.03847251805	Mdm2N -- p53_h -- p53 -- Mdm2C	0.1784266748	Dam	0.0001011423658	Mdm2N -- Dam	0.008212097034	p53 -- Dam	0.01736730112	Mdm2N -- p53 -- Dam	0.0160429083	p53_h -- p53 -- Dam	0.01595111328	Mdm2N -- p53 -- Mdm2C -- Dam	0.03818964021	p53_h -- p53 -- Mdm2C -- Dam	0.01134914827	Mdm2N -- p53_h -- p53 -- Mdm2C -- Dam	0.06036944771
#53	p53	0.1802403845	Mdm2N -- p53	0.1210464727	p53_h -- p53	0.09090075594	Mdm2N -- Mdm2C	0.01899721692	Mdm2N -- p53 -- Mdm2C	0.1547878513	p53_h -- p53 -- Mdm2C	0.07764570148	Mdm2N -- p53_h -- p53 -- Mdm2C	0.2226014504	Dam	0.0001133885005	Mdm2N -- Dam	0.03362100176	p53 -- Dam	0.008103596675	Mdm2N -- p53 -- Dam	0.02544919028	p53_h -- p53 -- Dam	0.02395953403	Mdm2N -- Mdm2C -- Dam	0.01251786606	Mdm2N -- p53 -- Mdm2C -- Dam	0.000166028861	p53_h -- p53 -- Mdm2C -- Dam	0.0195727486	Mdm2N -- p53_h -- p53 -- Mdm2C -- Dam	0.01027681204
#54	Mdm2N	0.7143566796	p53	0.002340335804	Mdm2N -- p53	0.00885384374	p53_h -- p53	0.02432157372	Mdm2N -- Mdm2C	0.002746100878	Mdm2N -- p53 -- Mdm2C	0.1269431719	p53_h -- p53 -- Mdm2C	0.008182879065	Mdm2N -- p53_h -- p53 -- Mdm2C	0.02835813309	Dam	5.233901237e-05	Mdm2N -- Dam	0.05088225076	p53 -- Dam	0.01436172068	p53_h -- p53 -- Dam	7.913040751e-05	Mdm2N -- Mdm2C -- Dam	0.01814754838	p53_h -- p53 -- Mdm2C -- Dam	0.0003742929088
#55	Mdm2N	0.2917186756	p53	0.01423433054	Mdm2N -- p53	0.08198012875	p53_h -- p53	0.004256302754	Mdm2N -- p53 -- Mdm2C	0.1011111833	p53_h -- p53 -- Mdm2C	0.006022022128	Mdm2N -- p53_h -- p53 -- Mdm2C	0.0165567763	Dam	0.0001368680263	Mdm2N -- Dam	0.01559112339	p53 -- Dam	0.03432109829	Mdm2N -- p53 -- Dam	0.07776291818	p53_h -- p53 -- Dam	0.08127004276	Mdm2N -- Mdm2C -- Dam	0.02586456518	Mdm2N -- p53 -- Mdm2C -- Dam	0.1224630119	p53_h -- p53 -- Mdm2C -- Dam	0.02331816413	Mdm2N -- p53_h -- p53 -- Mdm2C -- Dam	0.1033927888
#56	Mdm2N	0.8987425128	Mdm2N -- p53	0.003963577694	Mdm2N -- p53 -- Mdm2C	0.01399568472	Mdm2N -- p53_h -- p53 -- Mdm2C	0.008277385152	Dam	5.857443521e-05	Mdm2N -- Dam	0.01176011518	p53 -- Dam	0.01474300532	p53_h -- p53 -- Dam	0.003142076978	Mdm2N -- Mdm2C -- Dam	0.03859480863	p53_h -- p53 -- Mdm2C -- Dam	0.001656078158	Mdm2N -- p53_h -- p53 -- Mdm2C -- Dam	0.005066180962
#57	p53	0.07509403037	Mdm2N -- p53	0.06814584201	p53_h -- p53	0.112770889	Mdm2N -- p53 -- Mdm2C	0.07971706006	p53_h -- p53 -- Mdm2C	0.01947123742	Mdm2N -- p53_h -- p53 -- Mdm2C	0.04463864875	Dam	6.139820678e-05	Mdm2N -- Dam	0.02434564131	p53 -- Dam	0.07189386255	Mdm2N -- p53 -- Dam	0.1191217286	p53_h -- p53 -- Dam	0.07321613338	Mdm2N -- Mdm2C -- Dam	0.08222475315	Mdm2N -- p53 -- Mdm2C -- Dam	0.1065055765	p53_h -- p53 -- Mdm2C -- Dam	0.02774297478	Mdm2N -- p53_h -- p53 -- Mdm2C -- Dam	0.09505022388
#58	p53	0.1454242082	Mdm2N -- p53	0.1995646276	p53_h -- p53	0.07461282607	Mdm2N -- p53 -- Mdm2C	0.1894325581	p53_h -- p53 -- Mdm2C	0.07502172874	Mdm2N -- p53_h -- p53 -- Mdm2C	0.197284893	Dam	6.462279702e-05	Mdm2N -- Dam	0.06822892902	p53 -- Dam	0.01510619206	Mdm2N -- p53 -- Dam	0.0006960335198	p53_h -- p53 -- Dam	0.0136836248	Mdm2N -- Mdm2C -- Dam	0.002388598763	Mdm2N -- p53 -- Mdm2C -- Dam	0.004923663528	p53_h -- p53 -- Mdm2C -- Dam	0.003296010162	Mdm2N -- p53_h -- p53 -- Mdm2C -- Dam	0.01027148357
#59	Mdm2N	0.317577146	p53	0.006271274588	Mdm2N -- p53	0.01706333541	p53_h -- p53	0.001587274787	Mdm2N -- p53 -- Mdm2C	0.03009234248	p53_h -- p53 -- Mdm2C	0.001056819567	Mdm2N -- p53_h -- p53 -- Mdm2C	0.07827499378	Dam	5.20729133e-05	Mdm2N -- Dam	0.005552184678	p53 -- Dam	0.1114920801	Mdm2N -- p53 -- Dam	0.1070796447	p53_h -- p53 -- Dam	0.06846246068	Mdm2N -- p53 -- Mdm2C -- Dam	0.09788330583	p53_h -- p53 -- Mdm2C -- Dam	0.04357406594	Mdm2N -- p53_h -- p53 -- Mdm2C -- Dam	0.1139809985
#60	p53	0.1044285252	Mdm2N -- p53	0.2097934724	p53_h -- p53	0.1300870802	Mdm2N -- p53 -- Mdm2C	0.1521803035	p53_h -- p53 -- Mdm2C	0.06542229864	Mdm2N -- p53_h -- p53 -- Mdm2C	0.1808507755	Dam	0.0001341715297	Mdm2N -- Dam	0.00923630513	p53 -- Dam	0.02450606205	Mdm2N -- p53 -- Dam	0.01270716837	p53_h -- p53 -- Dam	0.03405517381	Mdm2N -- p53 -- Mdm2C -- Dam	0.03592913524	p53_h -- p53 -- Mdm2C -- Dam	0.01527136191	Mdm2N -- p53_h -- p53 -- Mdm2C -- Dam	0.02539816644
#61	p53	0.1796218307	Mdm2N -- p53	0.1373620804	p53_h -- p53	0.09361337274	Mdm2N -- p53 -- Mdm2C	0.3157925568	p53_h -- p53 -- Mdm2C	0.04845509535	Mdm2N -- p53_h -- p53 -- Mdm2C	0.1480487537	Dam	7.499553617e-05	Mdm2N -- Dam	0.0278859537	p53 -- Dam	0.0009104980093	p53_h -- p53 -- Dam	0.02193751012	Mdm2N -- Mdm2C -- Dam	0.01388119384	p53_h -- p53 -- Mdm2C -- Dam	0.007358941332	Mdm2N -- p53_h -- p53 -- Mdm2C -- Dam	0.005057217739
#62	Mdm2N	0.3407577515	p53	0.05073728513	Mdm2N -- p53	0.03779145037	p53_h -- p53	0.07199084591	Mdm2N -- Mdm2C	0.0003089818261	Mdm2N -- p53 -- Mdm2C	0.04439740795	p53_h -- p53 -- Mdm2C	0.007286487979	Mdm2N -- p53_h -- p53 -- Mdm2C	0.02063250062	Dam	2.798036545e-06	Mdm2N -- Dam	0.01988505999	p53 -- Dam	0.04432856827	Mdm2N -- p53 -- Dam	0.1582529267	p53_h -- p53 -- Dam	0.05425050676	Mdm2N -- p53 -- Mdm2C -- Dam	0.07095092975	p53_h -- p53 -- Mdm2C -- Dam	0.04066094277	Mdm2N -- p53_h -- p53 -- Mdm2C -- Dam	0.03776555641
#63	Mdm2N	0.4454201165	p53	0.0488338776	Mdm2N -- p53	0.06811551654	p53_h -- p53	0.07940643459	Mdm2N -- Mdm2C	0.01075515123	Mdm2N -- p53 -- Mdm2C	0.07640060317	p53_h -- p53 -- Mdm2C	0.02562842246	Mdm2N -- p53_h -- p53 -- Mdm2C	0.1310062479	Dam	8.206976772e-05	Mdm2N -- Dam	0.006444013182	p53 -- Dam	0.01700585907	Mdm2N -- p53 -- Dam	0.00796788391	p53_h -- p53 -- Dam	0.01155377619	Mdm2N -- Mdm2C -- Dam	0.02847560188	Mdm2N -- p53 -- Mdm2C -- Dam	0.0113260125	p53_h -- p53 -- Mdm2C -- Dam	0.02125065972	Mdm2N -- p53_h -- p53 -- Mdm2C -- Dam	0.01032775376
#64	Mdm2N	0.8474515327	p53_h -- p53	0.0001491753885	Mdm2N -- Mdm2C	0.01223032675	Mdm2N -- p53 -- Mdm2C	0.01763069117	p53_h -- p53 -- Mdm2C	0.0003830140098	Mdm2N -- p53_h -- p53 -- Mdm2C	0.04350723778	Dam	8.566344385e-05	Mdm2N -- Dam	0.01540063576	p53 -- Dam	0.01634527614	p53_h -- p53 -- Dam	0.002960541551	Mdm2N -- Mdm2C -- Dam	0.04385590528
#65	Dam	8.879013504e-05	Mdm2N -- Dam	0.03185376312	p53 -- Dam	0.3035995914	Mdm2N -- p53 -- Dam	0.1483668221	p53_h -- p53 -- Dam	0.1444434409	Mdm2N -- Mdm2C -- Dam	0.000352881612	Mdm2N -- p53 -- Mdm2C -- Dam	0.1354152013	p53_h -- p53 -- Mdm2C -- Dam	0.07026320024	Mdm2N -- p53_h -- p53 -- Mdm2C -- Dam	0.1656163091
#66	p53	0.1419642374	Mdm2N -- p53	0.2387295111	p53_h -- p53	0.09349148899	Mdm2N -- p53 -- Mdm2C	0.1459470948	p53_h -- p53 -- Mdm2C	0.09484167556	Mdm2N -- p53_h -- p53 -- Mdm2C	0.2503399657	Dam	9.277775058e-05	Mdm2N -- Dam	0.001236225329	p53 -- Dam	0.01671758687	p53_h -- p53 -- Dam	0.00715648885	Mdm2N -- Mdm2C -- Dam	0.003165708568	p53_h -- p53 -- Mdm2C -- Dam	0.001273699021	Mdm2N -- p53_h -- p53 -- Mdm2C -- Dam	0.005043540129
#67	p53	0.2279249694	Mdm2N -- p53	0.09125656648	p53_h -- p53	0.06793080298	Mdm2N -- p53 -- Mdm2C	0.1793699189	p53_h -- p53 -- Mdm2C	0.05814873644	Mdm2N -- p53_h -- p53 -- Mdm2C	0.1265846256	Dam	7.715983241e-05	Mdm2N -- Dam	0.00642044362	p53 -- Dam	0.02450679019	Mdm2N -- p53 -- Dam	0.01034488951	p53_h -- p53 -- Dam	0.004171681232	Mdm2N -- p53 -- Mdm2C -- Dam	0.137609305	p53_h -- p53 -- Mdm2C -- Dam	0.02592933031	Mdm2N -- p53_h -- p53 -- Mdm2C -- Dam	0.03972478057
#68	Mdm2N	0.5863575664	p53	0.06696881961	Mdm2N -- p53	0.03193198243	p53_h -- p53	0.02594010641	Mdm2N -- p53 -- Mdm2C	0.1042619875	p53_h -- p53 -- Mdm2C	0.007313184207	Mdm2N -- p53_h -- p53 -- Mdm2C	0.06858996594	Dam	0.0001750390668	Mdm2N -- Dam	0.01039014456	p53 -- Dam	0.03047118153	Mdm2N -- p53 -- Dam	0.02089118352	p53_h -- p53 -- Dam	0.01026600006	Mdm2N -- p53 -- Mdm2C -- Dam	0.01198729947	p53_h -- p53 -- Mdm2C -- Dam	0.01617071102	Mdm2N -- p53_h -- p53 -- Mdm2C -- Dam	0.008284828207
#69	p53	0.03535912078	Mdm2N -- p53	0.0226570677	p53_h -- p53	0.08424804697	Mdm2N -- p53 -- Mdm2C	0.1100136168	p53_h -- p53 -- Mdm2C	0.0246879448	Mdm2N -- p53_h -- p53 -- Mdm2C	0.1654953557	Dam	0.0001040450788	Mdm2N -- Dam	0.03703523082	p53 -- Dam	0.08310505692	Mdm2N -- p53 -- Dam	0.1341431114	p53_h -- p53 -- Dam	0.0480354024	Mdm2N -- Mdm2C -- Dam	0.01519670479	Mdm2N -- p53 -- Mdm2C -- Dam	0.1436277454	p53_h -- p53 -- Mdm2C -- Dam	0.04704517462	Mdm2N -- p53_h -- p53 -- Mdm2C -- Dam	0.0492463758
#70	p53	0.1468209223	Mdm2N -- p53	0.1324946158	p53_h -- p53	0.03658905583	Mdm2N -- p53 -- Mdm2C	0.1950900538	p53_h -- p53 -- Mdm2C	0.02849409093	Mdm2N -- p53_h -- p53 -- Mdm2C	0.106926988	Dam	0.0001083567593	Mdm2N -- Dam	0.002241291665	p53 -- Dam	0.09745824173	Mdm2N -- p53 -- Dam	0.04526560919	p53_h -- p53 -- Dam	0.08812736806	Mdm2N -- Mdm2C -- Dam	0.0217197463	Mdm2N -- p53 -- Mdm2C -- Dam	0.01920906397	p53_h -- p53 -- Mdm2C -- Dam	0.009017775461	Mdm2N -- p53_h -- p53 -- Mdm2C -- Dam	0.07043682031
#71	p53	0.142502658	Mdm2N -- p53	0.1700326445	p53_h -- p53	0.1043008271	Mdm2N -- p53 -- Mdm2C	0.07475574953	p53_h -- p53 -- Mdm2C	0.04787619791	Mdm2N -- p53_h -- p53 -- Mdm2C	0.1213478385	Dam	9.123539843e-05	Mdm2N -- Dam	0.03130763131	p53 -- Dam	0.1067435723	Mdm2N -- p53 -- Dam	0.09528087161	p53_h -- p53 -- Dam	0.02330375843	Mdm2N -- p53 -- Mdm2C -- Dam	0.0330569777	p53_h -- p53 -- Mdm2C -- Dam	0.02041702602	Mdm2N -- p53_h -- p53 -- Mdm2C -- Dam	0.02898301158
#72	Mdm2N	0.2227419523	p53	0.1467326654	Mdm2N -- p53	0.1483174442	p53_h -- p53	0.134264633	Mdm2N -- p53 -- Mdm2C	0.09073224037	p53_h -- p53 -- Mdm2C	0.06988601408	Mdm2N -- p53_h -- p53 -- Mdm2C	0.1132516105	Dam	0.0001985464423	Mdm2N -- Dam	0.05101507915	p53 -- Dam	0.01170050286	p53_h -- p53 -- Dam	0.00968955967	p53_h -- p53 -- Mdm2C -- Dam	0.001469752099
#73	p53	0.03183935453	Mdm2N -- p53	0.09942444036	p53_h -- p53	0.02980271859	Mdm2N -- p53 -- Mdm2C	0.06408001757	p53_h -- p53 -- Mdm2C	0.002496008436	Mdm2N -- p53_h -- p53 -- Mdm2C	0.09714980427	Dam	0.0002401883822	Mdm2N -- Dam	0.0506732741	p53 -- Dam	0.1071317745	Mdm2N -- p53 -- Dam	0.1417684721	p53_h -- p53 -- Dam	0.07816924445	Mdm2N -- Mdm2C -- Dam	0.03786637731	Mdm2N -- p53 -- Mdm2C -- Dam	0.1232884324	p53_h -- p53 -- Mdm2C -- Dam	0.04974643901	Mdm2N -- p53_h -- p53 -- Mdm2C -- Dam	0.08632345398
#74	p53	0.2347817049	Mdm2N -- p53	0.1208347232	p53_h -- p53	0.1560841634	Mdm2N -- p53 -- Mdm2C	0.1355225412	p53_h -- p53 -- Mdm2C	0.1091873323	Mdm2N -- p53_h -- p53 -- Mdm2C	0.217104789	Dam	3.306644535e-05	Mdm2N -- Dam	0.003973624916	p53 -- Dam	0.0125531251	p53_h -- p53 -- Dam	0.009924929404
#75	p53	0.1025208945	Mdm2N -- p53	0.1007853588	p53_h -- p53	0.05480185887	Mdm2N -- p53 -- Mdm2C	0.1601643316	p53_h -- p53 -- Mdm2C	0.01749002884	Mdm2N -- p53_h -- p53 -- Mdm2C	0.1071776849	Dam	0.000106283686	Mdm2N -- Dam	0.00736463336	p53 -- Dam	0.100105552	Mdm2N -- p53 -- Dam	0.0897158648	p53_h -- p53 -- Dam	0.07699652746	Mdm2N -- p53 -- Mdm2C -- Dam	0.04133005571	p53_h -- p53 -- Mdm2C -- Dam	0.03061200677	Mdm2N -- p53_h -- p53 -- Mdm2C -- Dam	0.1108289188
#76	Mdm2N	0.6233677347	p53	0.009618678837	Mdm2N -- p53	0.01730997074	p53_h -- p53	0.01693634227	Mdm2N -- Mdm2C	0.0157061916	Mdm2N -- p53 -- Mdm2C	0.02696264264	p53_h -- p53 -- Mdm2C	0.01735678157	Mdm2N -- p53_h -- p53 -- Mdm2C	0.02885763186	Dam	0.0002251894409	Mdm2N -- Dam	0.01155241636	p53 -- Dam	0.05516926443	Mdm2N -- p53 -- Dam	0.02025492921	p53_h -- p53 -- Dam	0.03935888181	Mdm2N -- p53 -- Mdm2C -- Dam	0.03068672359	p53_h -- p53 -- Mdm2C -- Dam	0.02655820254	Mdm2N -- p53_h -- p53 -- Mdm2C -- Dam	0.06007841837
#77	p53	0.1422127746	Mdm2N -- p53	0.2048025425	p53_h -- p53	0.09391640129	Mdm2N -- p53 -- Mdm2C	0.1043663551	p53_h -- p53 -- Mdm2C	0.03640977507	Mdm2N -- p53_h -- p53 -- Mdm2C	0.1342749166	Dam	0.0001385909253	Mdm2N -- Dam	0.05502880499	p53 -- Dam	0.01896980202	Mdm2N -- p53 -- Dam	0.07951292436	p53_h -- p53 -- Dam	0.03883346061	Mdm2N -- Mdm2C -- Dam	0.01668489372	Mdm2N -- p53 -- Mdm2C -- Dam	0.02066291652	p53_h -- p53 -- Mdm2C -- Dam	0.01421967876	Mdm2N -- p53_h -- p53 -- Mdm2C -- Dam	0.03996616292
#78	p53	0.1020199204	Mdm2N -- p53	0.1337077291	p53_h -- p53	0.07730011082	Mdm2N -- p53 -- Mdm2C	0.2680092475	p53_h -- p53 -- Mdm2C	0.04473626132	Mdm2N -- p53_h -- p53 -- Mdm2C	0.2770124645	Dam	4.4055559e-05	Mdm2N -- Dam	0.0237487408	p53 -- Dam	0.01987749161	Mdm2N -- p53 -- Dam	0.001911844383	p53_h -- p53 -- Dam	0.0125501674	Mdm2N -- p53 -- Mdm2C -- Dam	0.01190344276	p53_h -- p53 -- Mdm2C -- Dam	0.02029282076	Mdm2N -- p53_h -- p53 -- Mdm2C -- Dam	0.006885703157
#79	Mdm2N	0.7584464487	Mdm2N -- p53	0.03424011401	Mdm2N -- p53 -- Mdm2C	0.07058429188	Mdm2N -- p53_h -- p53 -- Mdm2C	0.0196375069	Dam	0.0001233551188	Mdm2N -- Dam	0.03501553942	p53 -- Dam	0.02892313641	Mdm2N -- p53 -- Dam	0.01494702689	p53_h -- p53 -- Dam	0.002506657737	Mdm2N -- p53 -- Mdm2C -- Dam	0.001224825237	p53_h -- p53 -- Mdm2C -- Dam	0.01805150125	Mdm2N -- p53_h -- p53 -- Mdm2C -- Dam	0.0162995965
#80	Mdm2N	0.1698720174	p53	0.1035292069	Mdm2N -- p53	0.08906060054	p53_h -- p53	0.07149962906	Mdm2N -- p53 -- Mdm2C	0.1585493138	p53_h -- p53 -- Mdm2C	0.03123942957	Mdm2N -- p53_h -- p53 -- Mdm2C	0.2656285283	Dam	0.0001541875727	Mdm2N -- Dam	0.02559352347	p53 -- Dam	0.01999539108	p53_h -- p53 -- Dam	0.00260644546	Mdm2N -- Mdm2C -- Dam	0.06227172697
#81	Mdm2N	0.4991973291	p53	0.06824376848	Mdm2N -- p53	0.1008853567	p53_h -- p53	0.02720949279	Mdm2N -- p53 -- Mdm2C	0.1297652346	p53_h -- p53 -- Mdm2C	0.0206215919	Mdm2N -- p53_h -- p53 -- Mdm2C	0.1153006874	Dam	0.0008199971275	Mdm2N -- Dam	0.001771300482	p53 -- Dam	0.01593618609	p53_h -- p53 -- Dam	0.001574185706	p53_h -- p53 -- Mdm2C -- Dam	0.002346366158	Mdm2N -- p53_h -- p53 -- Mdm2C -- Dam	0.01632850356
#82	p53	0.2576025901	Mdm2N -- p53	0.13397386	p53_h -- p53	0.105621879	Mdm2N -- p53 -- Mdm2C	0.04851591241	p53_h -- p53 -- Mdm2C	0.0403762334	Mdm2N -- p53_h -- p53 -- Mdm2C	0.2204564874	Dam	0.0001640957651	Mdm2N -- Dam	0.005600540558	p53 -- Dam	0.0546210902	Mdm2N -- p53 -- Dam	0.006464558275	p53_h -- p53 -- Dam	0.01313123292	Mdm2N -- Mdm2C -- Dam	0.004797907327	Mdm2N -- p53 -- Mdm2C -- Dam	0.03910687364	p53_h -- p53 -- Mdm2C -- Dam	0.02411659399	Mdm2N -- p53_h -- p53 -- Mdm2C -- Dam	0.04545014497
#83	p53	0.0766536328	Mdm2N -- p53	0.1317789952	p53_h -- p53	0.1076465906	Mdm2N -- p53 -- Mdm2C	0.08010624927	p53_h -- p53 -- Mdm2C	0.05614915102	Mdm2N -- p53_h -- p53 -- Mdm2C	0.202248264	Dam	0.0001691215524	Mdm2N -- Dam	0.01404235452	p53 -- Dam	0.1074225928	Mdm2N -- p53 -- Dam	0.03009840579	p53_h -- p53 -- Dam	0.05244668905	Mdm2N -- Mdm2C -- Dam	0.008356208288	Mdm2N -- p53 -- Mdm2C -- Dam	0.06267076885	p53_h -- p53 -- Mdm2C -- Dam	0.02570905616	Mdm2N -- p53_h -- p53 -- Mdm2C -- Dam	0.04450192017
#84	Mdm2N	0.2442754431	p53	0.09056264109	Mdm2N -- p53	0.1518300009	p53_h -- p53	0.05476520217	Mdm2N -- p53 -- Mdm2C	0.0802721906	p53_h -- p53 -- Mdm2C	0.0509303772	Mdm2N -- p53_h -- p53 -- Mdm2C	0.0765304848	Dam	0.0001757399346	Mdm2N -- Dam	0.02922815268	p53 -- Dam	0.04138253141	Mdm2N -- p53 -- Dam	0.0370734664	p53_h -- p53 -- Dam	0.02325709509	Mdm2N -- Mdm2C -- Dam	0.01278642209	Mdm2N -- p53 -- Mdm2C -- Dam	0.06490058792	p53_h -- p53 -- Mdm2C -- Dam	0.01373225134	Mdm2N -- p53_h -- p53 -- Mdm2C -- Dam	0.02829741325
#85	Mdm2N	0.6479166546	p53	0.06620882614	Mdm2N -- p53	0.05387809234	p53_h -- p53	0.01295107613	Mdm2N -- Mdm2C	0.01415579921	Mdm2N -- p53 -- Mdm2C	0.02705484988	p53_h -- p53 -- Mdm2C	0.006181049479	Mdm2N -- p53_h -- p53 -- Mdm2C	0.05192046713	Dam	0.0001815115389	Mdm2N -- Dam	0.0006018625292	p53 -- Dam	0.01921793225	Mdm2N -- p53 -- Dam	0.001320422206	p53_h -- p53 -- Dam	0.05293417288	Mdm2N -- Mdm2C -- Dam	0.0184033231	Mdm2N -- p53 -- Mdm2C -- Dam	0.004286848988	p53_h -- p53 -- Mdm2C -- Dam	0.004752239362	Mdm2N -- p53_h -- p53 -- Mdm2C -- Dam	0.01803487226
#86	p53	0.1966488657	Mdm2N -- p53	0.1862045869	p53_h -- p53	0.07676155936	Mdm2N -- p53 -- Mdm2C	0.2325346988	p53_h -- p53 -- Mdm2C	0.03427173825	Mdm2N -- p53_h -- p53 -- Mdm2C	0.1850916251	Dam	0.0001863366423	Mdm2N -- Dam	0.006842561734	p53 -- Dam	0.02142784719	p53_h -- p53 -- Dam	0.0333596727	Mdm2N -- Mdm2C -- Dam	0.02608540509	p53_h -- p53 -- Mdm2C -- Dam	0.000585102552
#87	p53	0.1367980259	Mdm2N -- p53	0.1258861872	p53_h -- p53	0.1326169651	Mdm2N -- p53 -- Mdm2C	0.2395254694	p53_h -- p53 -- Mdm2C	0.05204814199	Mdm2N -- p53_h -- p53 -- Mdm2C	0.1548240449	Dam	0.0001924252603	Mdm2N -- Dam	0.01599693548	p53 -- Dam	0.01260602059	Mdm2N -- p53 -- Dam	0.0170004319	p53_h -- p53 -- Dam	0.01132384423	Mdm2N -- Mdm2C -- Dam	0.03907957452	Mdm2N -- p53 -- Mdm2C -- Dam	0.001720709691	p53_h -- p53 -- Mdm2C -- Dam	0.007017251571	Mdm2N -- p53_h -- p53 -- Mdm2C -- Dam	0.0533639723
#88	p53	0.1785431848	Mdm2N -- p53	0.1944197509	p53_h -- p53	0.1111703109	Mdm2N -- p53 -- Mdm2C	0.1492692623	p53_h -- p53 -- Mdm2C	0.06704926804	Mdm2N -- p53_h -- p53 -- Mdm2C	0.1001624752	Dam	0.0003347249887	Mdm2N -- Dam	0.08991434155	p53 -- Dam	0.05720656268	Mdm2N -- p53 -- Dam	0.01448504441	p53_h -- p53 -- Dam	0.01518692109	Mdm2N -- p53 -- Mdm2C -- Dam	0.01189108882	p53_h -- p53 -- Mdm2C -- Dam	0.004729349854	Mdm2N -- p53_h -- p53 -- Mdm2C -- Dam	0.005637714555
#89	p53	0.1000087213	Mdm2N -- p53	0.05142360072	p53_h -- p53	0.06093051469	Mdm2N -- p53 -- Mdm2C	0.1001251349	p53_h -- p53 -- Mdm2C	0.00585696323	Mdm2N -- p53_h -- p53 -- Mdm2C	0.04854832767	Dam	1.568479169e-05	Mdm2N -- Dam	0.002503905415	p53 -- Dam	0.1317054266	Mdm2N -- p53 -- Dam	0.1658882636	p53_h -- p53 -- Dam	0.0436678879	Mdm2N -- p53 -- Mdm2C -- Dam	0.1775211921	p53_h -- p53 -- Mdm2C -- Dam	0.02063034821	Mdm2N -- p53_h -- p53 -- Mdm2C -- Dam	0.09117402881
#90	p53	0.2376778958	Mdm2N -- p53	0.164318864	p53_h -- p53	0.09036923617	Mdm2N -- p53 -- Mdm2C	0.2048050291	p53_h -- p53 -- Mdm2C	0.0841969985	Mdm2N -- p53_h -- p53 -- Mdm2C	0.1654969852	Dam	8.183091087e-05	Mdm2N -- Dam	0.005654107895	p53 -- Dam	0.0211896856	p53_h -- p53 -- Dam	0.01207177134	p53_h -- p53 -- Mdm2C -- Dam	0.003363884823	Mdm2N -- p53_h -- p53 -- Mdm2C -- Dam	0.01077371066
#91	p53	0.09635991194	Mdm2N -- p53	0.1082176282	p53_h -- p53	0.1206580154	Mdm2N -- p53 -- Mdm2C	0.1860326258	p53_h -- p53 -- Mdm2C	0.06108194409	Mdm2N -- p53_h -- p53 -- Mdm2C	0.2084647453	Dam	0.0001819466922	Mdm2N -- Dam	0.02907246614	p53 -- Dam	0.08577078402	p53_h -- p53 -- Dam	0.01919943241	Mdm2N -- Mdm2C -- Dam	0.03899056256	Mdm2N -- p53 -- Mdm2C -- Dam	0.005816669662	p53_h -- p53 -- Mdm2C -- Dam	0.006460814472	Mdm2N -- p53_h -- p53 -- Mdm2C -- Dam	0.03369245332
#92	p53	0.07868553554	Mdm2N -- p53	0.1450578726	p53_h -- p53	0.07016466648	Mdm2N -- p53 -- Mdm2C	0.1495619796	p53_h -- p53 -- Mdm2C	0.03579443391	Mdm2N -- p53_h -- p53 -- Mdm2C	0.1262640005	Dam	0.0003918861826	Mdm2N -- Dam	0.01402682733	p53 -- Dam	0.07550125457	Mdm2N -- p53 -- Dam	0.07269731723	p53_h -- p53 -- Dam	0.07128806962	Mdm2N -- p53 -- Mdm2C -- Dam	0.09664210678	p53_h -- p53 -- Mdm2C -- Dam	0.02072449648	Mdm2N -- p53_h -- p53 -- Mdm2C -- Dam	0.04319955317
#93	Mdm2N	0.3942187639	p53	0.01984777076	Mdm2N -- p53	0.06435492951	p53_h -- p53	0.0586218082	Mdm2N -- p53 -- Mdm2C	0.04768260186	p53_h -- p53 -- Mdm2C	0.02288339587	Mdm2N -- p53_h -- p53 -- Mdm2C	0.1476523539	Dam	0.0002348855921	Mdm2N -- Dam	0.002604003769	p53 -- Dam	0.03981252976	Mdm2N -- p53 -- Dam	0.00710862962	p53_h -- p53 -- Dam	0.08537188473	Mdm2N -- Mdm2C -- Dam	0.02016421181	Mdm2N -- p53 -- Mdm2C -- Dam	0.04668564837	p53_h -- p53 -- Mdm2C -- Dam	0.01993779198	Mdm2N -- p53_h -- p53 -- Mdm2C -- Dam	0.02281879034
#94	p53	0.135983607	Mdm2N -- p53	0.1779121688	p53_h -- p53	0.0579464067	Mdm2N -- p53 -- Mdm2C	0.1221641236	p53_h -- p53 -- Mdm2C	0.02538397517	Mdm2N -- p53_h -- p53 -- Mdm2C	0.2156745823	Dam	9.62058829e-05	Mdm2N -- Dam	0.02873374644	p53 -- Dam	0.0431592503	Mdm2N -- p53 -- Dam	0.02425316953	p53_h -- p53 -- Dam	0.06567306075	Mdm2N -- p53 -- Mdm2C -- Dam	0.01374680404	p53_h -- p53 -- Mdm2C -- Dam	0.03911785974	Mdm2N -- p53_h -- p53 -- Mdm2C -- Dam	0.05015503978
#95	p53	0.2157276333	Mdm2N -- p53	0.1362798873	p53_h -- p53	0.1280925187	Mdm2N -- p53 -- Mdm2C	0.2186378144	p53_h -- p53 -- Mdm2C	0.0752540037	Mdm2N -- p53_h -- p53 -- Mdm2C	0.1383063675	Dam	0.0002492997067	Mdm2N -- Dam	0.02059981352	p53 -- Dam	0.004463740678	p53_h -- p53 -- Dam	0.0007390956477	Mdm2N -- Mdm2C -- Dam	0.04452955166	p53_h -- p53 -- Mdm2C -- Dam	0.01712027383
#96	Mdm2N	0.1928025926	p53	0.1431844028	Mdm2N -- p53	0.1617737169	p53_h -- p53	0.06790799439	Mdm2N -- Mdm2C	0.01171454819	Mdm2N -- p53 -- Mdm2C	0.1036433771	p53_h -- p53 -- Mdm2C	0.03667861233	Mdm2N -- p53_h -- p53 -- Mdm2C	0.07338527059	Dam	0.000632699883	Mdm2N -- Dam	0.05369930027	p53 -- Dam	0.04159762122	Mdm2N -- p53 -- Dam	0.02687184688	p53_h -- p53 -- Dam	0.02434754304	Mdm2N -- Mdm2C -- Dam	0.001591998698	Mdm2N -- p53 -- Mdm2C -- Dam	0.04059459625	p53_h -- p53 -- Mdm2C -- Dam	0.004438139988	Mdm2N -- p53_h -- p53 -- Mdm2C -- Dam	0.01513573896
#97	p53	0.07151095704	Mdm2N -- p53	0.2264970956	p53_h -- p53	0.149484462	Mdm2N -- p53 -- Mdm2C	0.144641507	p53_h -- p53 -- Mdm2C	0.03299720236	Mdm2N -- p53_h -- p53 -- Mdm2C	0.1650445291	Dam	3.663641723e-05	Mdm2N -- Dam	0.003275937926	p53 -- Dam	0.05591449737	Mdm2N -- p53 -- Dam	0.02962885592	p53_h -- p53 -- Dam	0.05045739852	Mdm2N -- p53 -- Mdm2C -- Dam	0.03936024904	p53_h -- p53 -- Mdm2C -- Dam	0.02260618934	Mdm2N -- p53_h -- p53 -- Mdm2C -- Dam	0.008544482249
#98	Mdm2N	0.7799683355	Mdm2N -- Mdm2C	0.01828314543	Mdm2N -- p53 -- Mdm2C	0.01461571932	p53_h -- p53 -- Mdm2C	0.005047786418	Mdm2N -- p53_h -- p53 -- Mdm2C	0.02461285931	Dam	0.0001123720441	Mdm2N -- Dam	0.006601137572	p53 -- Dam	0.03972361815	Mdm2N -- p53 -- Dam	0.06401715161	p53_h -- p53 -- Dam	0.01830730698	Mdm2N -- p53 -- Mdm2C -- Dam	0.01195001526	p53_h -- p53 -- Mdm2C -- Dam	0.01225650389	Mdm2N -- p53_h -- p53 -- Mdm2C -- Dam	0.004504048539
#99	p53	0.05816158519	Mdm2N -- p53	0.09669895766	p53_h -- p53	0.03229866366	Mdm2N -- p53 -- Mdm2C	0.07839330319	p53_h -- p53 -- Mdm2C	0.07497151075	Mdm2N -- p53_h -- p53 -- Mdm2C	0.2421497099	Dam	0.0002866325001	Mdm2N -- Dam	0.02348423241	p53 -- Dam	0.05253289829	Mdm2N -- p53 -- Dam	0.08227000226	p53_h -- p53 -- Dam	0.0763226395	Mdm2N -- Mdm2C -- Dam	0.01054967164	Mdm2N -- p53 -- Mdm2C -- Dam	0.06149568079	p53_h -- p53 -- Mdm2C -- Dam	0.02493494684	Mdm2N -- p53_h -- p53 -- Mdm2C -- Dam	0.08544956547
#100	p53	0.1009525565	Mdm2N -- p53	0.09316619395	p53_h -- p53	0.04943762685	Mdm2N -- p53 -- Mdm2C	0.07984999599	p53_h -- p53 -- Mdm2C	0.06168468117	Mdm2N -- p53_h -- p53 -- Mdm2C	0.2031652629	Dam	0.0002954089744	Mdm2N -- Dam	0.06077110737	p53 -- Dam	0.05147262154	Mdm2N -- p53 -- Dam	0.07732720806	p53_h -- p53 -- Dam	0.03522112903	Mdm2N -- Mdm2C -- Dam	0.01541689172	Mdm2N -- p53 -- Mdm2C -- Dam	0.04923961834	p53_h -- p53 -- Mdm2C -- Dam	0.01020268203	Mdm2N -- p53_h -- p53 -- Mdm2C -- Dam	0.1117970155

Trajectory[cluster=#1,size=98]	State	Proba	State	Proba	State	Proba	State	Proba ...
#1	p53	0.09802569618	Mdm2N -- p53	0.09343409619	p53_h -- p53	0.03241017592	Mdm2N -- p53 -- Mdm2C	0.1376548853	p53_h -- p53 -- Mdm2C	0.03207697258	Mdm2N -- p53_h -- p53 -- Mdm2C	0.151309225	Dam	0.0001842168671	Mdm2N -- Dam	0.001210511975	p53 -- Dam	0.1217991568	Mdm2N -- p53 -- Dam	0.1122753837	p53_h -- p53 -- Dam	0.05989388876	Mdm2N -- Mdm2C -- Dam	0.02747649494	Mdm2N -- p53 -- Mdm2C -- Dam	0.09108289602	p53_h -- p53 -- Mdm2C -- Dam	0.003548807489	Mdm2N -- p53_h -- p53 -- Mdm2C -- Dam	0.0376175923
#2	p53	0.070197428	Mdm2N -- p53	0.1118796986	p53_h -- p53	0.0942391542	Mdm2N -- p53 -- Mdm2C	0.1716594064	p53_h -- p53 -- Mdm2C	0.05397505101	Mdm2N -- p53_h -- p53 -- Mdm2C	0.1589483614	Dam	0.0001908936078	Mdm2N -- Dam	0.007711980446	p53 -- Dam	0.02002709433	Mdm2N -- p53 -- Dam	0.08729168422	p53_h -- p53 -- Dam	0.05156829755	Mdm2N -- Mdm2C -- Dam	0.04199016047	Mdm2N -- p53 -- Mdm2C -- Dam	0.04324348862	p53_h -- p53 -- Mdm2C -- Dam	0.01191913754	Mdm2N -- p53_h -- p53 -- Mdm2C -- Dam	0.07515816358
#3	p53	0.2023661732	Mdm2N -- p53	0.06188651408	p53_h -- p53	0.1544469507	Mdm2N -- p53 -- Mdm2C	0.214959217	p53_h -- p53 -- Mdm2C	0.02462361267	Mdm2N -- p53_h -- p53 -- Mdm2C	0.1918705445	Dam	0.0001964511677	Mdm2N -- Dam	0.01735003719	p53 -- Dam	0.02999950459	Mdm2N -- p53 -- Dam	0.02410428249	p53_h -- p53 -- Dam	0.02276998248	Mdm2N -- Mdm2C -- Dam	0.0001463921338	Mdm2N -- p53 -- Mdm2C -- Dam	0.03485209183	p53_h -- p53 -- Mdm2C -- Dam	0.004297930257	Mdm2N -- p53_h -- p53 -- Mdm2C -- Dam	0.01613031563
#4	p53	0.1271733748	Mdm2N -- p53	0.2180334307	p53_h -- p53	0.0375930729	Mdm2N -- p53 -- Mdm2C	0.1435335068	p53_h -- p53 -- Mdm2C	0.05174330555	Mdm2N -- p53_h -- p53 -- Mdm2C	0.3781711159	Dam	0.0003690267535	Mdm2N -- Dam	0.002918508056	p53 -- Dam	0.02028627441	p53_h -- p53 -- Dam	0.003529557034	p53_h -- p53 -- Mdm2C -- Dam	0.01020709677	Mdm2N -- p53_h -- p53 -- Mdm2C -- Dam	0.00644173036
#5	p53	0.158007097	Mdm2N -- p53	0.2043990825	p53_h -- p53	0.09867722121	Mdm2N -- p53 -- Mdm2C	0.138941571	p53_h -- p53 -- Mdm2C	0.04588254928	Mdm2N -- p53_h -- p53 -- Mdm2C	0.2593215678	Dam	0.0002094880059	Mdm2N -- Dam	0.002211838103	p53 -- Dam	0.03071569733	p53_h -- p53 -- Dam	0.0343941602	Mdm2N -- Mdm2C -- Dam	0.006140775494	p53_h -- p53 -- Mdm2C -- Dam	0.003035774137	Mdm2N -- p53_h -- p53 -- Mdm2C -- Dam	0.01806317791
#6	p53	0.1343767794	Mdm2N -- p53	0.1361106218	p53_h -- p53	0.1558519265	Mdm2N -- p53 -- Mdm2C	0.243251933	p53_h -- p53 -- Mdm2C	0.06196213268	Mdm2N -- p53_h -- p53 -- Mdm2C	0.241279884	Dam	0.000217126881	Mdm2N -- Dam	0.009119237769	p53 -- Dam	0.006870025599	p53_h -- p53 -- Dam	0.0009358027163	Mdm2N -- Mdm2C -- Dam	0.01002452962
#7	Mdm2N	0.1993987045	p53	0.08560633411	Mdm2N -- p53	0.08370308694	p53_h -- p53	0.04946986332	Mdm2N -- p53 -- Mdm2C	0.1794053123	p53_h -- p53 -- Mdm2C	0.0257301754	Mdm2N -- p53_h -- p53 -- Mdm2C	0.06820896459	Dam	0.0001979867627	Mdm2N -- Dam	0.01485209565	p53 -- Dam	0.0572874024	Mdm2N -- p53 -- Dam	0.03889352623	p53_h -- p53 -- Dam	0.03283461854	Mdm2N -- p53 -- Mdm2C -- Dam	0.07394467909	p53_h -- p53 -- Mdm2C -- Dam	0.02752485707	Mdm2N -- p53_h -- p53 -- Mdm2C -- Dam	0.06294239314
#8	Mdm2N	0.1076890413	p53	0.1595706811	Mdm2N -- p53	0.21948958	p53_h -- p53	0.1098762987	Mdm2N -- p53 -- Mdm2C	0.1035980138	p53_h -- p53 -- Mdm2C	0.04748856796	Mdm2N -- p53_h -- p53 -- Mdm2C	0.1254673011	Dam	0.0002321861999	Mdm2N -- Dam	0.0441369823	p53 -- Dam	0.02318064306	Mdm2N -- p53 -- Dam	0.0003169493775	p53_h -- p53 -- Dam	0.0194662781	Mdm2N -- Mdm2C -- Dam	0.02118734709	Mdm2N -- p53 -- Mdm2C -- Dam	0.001070156611	p53_h -- p53 -- Mdm2C -- Dam	0.006843178651	Mdm2N -- p53_h -- p53 -- Mdm2C -- Dam	0.01038679459
#10	p53	0.1471439671	Mdm2N -- p53	0.1413313271	p53_h -- p53	0.1347533226	Mdm2N -- p53 -- Mdm2C	0.1914196544	p53_h -- p53 -- Mdm2C	0.04591116584	Mdm2N -- p53_h -- p53 -- Mdm2C	0.2332679875	Dam	0.0002463958546	Mdm2N -- Dam	0.01059316367	p53 -- Dam	0.007368692803	p53_h -- p53 -- Dam	0.00917481617	Mdm2N -- Mdm2C -- Dam	0.04825537406	p53_h -- p53 -- Mdm2C -- Dam	0.01247947952	Mdm2N -- p53_h -- p53 -- Mdm2C -- Dam	0.01805465334
#11	p53	0.1659462863	Mdm2N -- p53	0.1589864087	p53_h -- p53	0.09173815621	Mdm2N -- p53 -- Mdm2C	0.1340534669	p53_h -- p53 -- Mdm2C	0.0688011388	Mdm2N -- p53_h -- p53 -- Mdm2C	0.2168420448	Dam	0.0002549979178	Mdm2N -- Dam	0.02234920003	p53 -- Dam	0.04001367148	Mdm2N -- p53 -- Dam	0.03075477862	p53_h -- p53 -- Dam	0.01605850668	Mdm2N -- Mdm2C -- Dam	0.0008316368283	Mdm2N -- p53 -- Mdm2C -- Dam	0.009336854966	p53_h -- p53 -- Mdm2C -- Dam	0.03095207375	Mdm2N -- p53_h -- p53 -- Mdm2C -- Dam	0.01308077807
#12	p53	0.07944548284	Mdm2N -- p53	0.2069220375	p53_h -- p53	0.07420720108	Mdm2N -- p53 -- Mdm2C	0.1701743735	p53_h -- p53 -- Mdm2C	0.06384238968	Mdm2N -- p53_h -- p53 -- Mdm2C	0.1387013548	Dam	0.0006872583269	Mdm2N -- Dam	0.02728011616	p53 -- Dam	0.03290240274	Mdm2N -- p53 -- Dam	0.06019422803	p53_h -- p53 -- Dam	0.03774678539	Mdm2N -- p53 -- Mdm2C -- Dam	0.07890621964	p53_h -- p53 -- Mdm2C -- Dam	0.02154961765	Mdm2N -- p53_h -- p53 -- Mdm2C -- Dam	0.007440532636
#13	p53	0.144172818	Mdm2N -- p53	0.2110969822	p53_h -- p53	0.1936460665	Mdm2N -- p53 -- Mdm2C	0.1026354768	p53_h -- p53 -- Mdm2C	0.05613799086	Mdm2N -- p53_h -- p53 -- Mdm2C	0.2394862456	Dam	4.379806368e-05	Mdm2N -- Dam	0.007071462386	p53 -- Dam	0.02723525165	p53_h -- p53 -- Dam	0.01847390789
#14	Mdm2N	0.1313680457	p53	0.1509604433	Mdm2N -- p53	0.2559196871	p53_h -- p53	0.05920047521	Mdm2N -- p53 -- Mdm2C	0.1825568585	p53_h -- p53 -- Mdm2C	0.05270072233	Mdm2N -- p53_h -- p53 -- Mdm2C	0.1347791904	Dam	0.0002835076066	Mdm2N -- Dam	0.01229706563	p53 -- Dam	0.007953801237	p53_h -- p53 -- Dam	0.0007899991492	Mdm2N -- Mdm2C -- Dam	0.01119020383
#15	Mdm2N	0.6554387491	p53	0.03142190187	Mdm2N -- p53	0.05179488441	p53_h -- p53	0.03593337683	Mdm2N -- Mdm2C	0.03191953958	Mdm2N -- p53 -- Mdm2C	0.04740116471	p53_h -- p53 -- Mdm2C	0.02085950091	Mdm2N -- p53_h -- p53 -- Mdm2C	0.02429387414	Dam	0.0002935045808	Mdm2N -- Dam	0.0255189892	p53 -- Dam	0.03576344655	p53_h -- p53 -- Dam	0.002317248801	Mdm2N -- Mdm2C -- Dam	0.01631573472	p53_h -- p53 -- Mdm2C -- Dam	0.002573674676	Mdm2N -- p53_h -- p53 -- Mdm2C -- Dam	0.01815440996
#16	Mdm2N	0.04197318411	p53	0.04029288668	Mdm2N -- p53	0.1412889461	p53_h -- p53	0.06502072975	Mdm2N -- p53 -- Mdm2C	0.1065408516	p53_h -- p53 -- Mdm2C	0.05120058631	Mdm2N -- p53_h -- p53 -- Mdm2C	0.130040395	Dam	0.0003040276652	Mdm2N -- Dam	0.08078423612	p53 -- Dam	0.1450121455	Mdm2N -- p53 -- Dam	0.01839940497	p53_h -- p53 -- Dam	0.03517145386	Mdm2N -- Mdm2C -- Dam	0.02322506613	Mdm2N -- p53 -- Mdm2C -- Dam	0.06227613072	p53_h -- p53 -- Mdm2C -- Dam	0.01257706385	Mdm2N -- p53_h -- p53 -- Mdm2C -- Dam	0.04589289157
#17	p53	0.06024294061	Mdm2N -- p53	0.06745423887	p53_h -- p53	0.007043311356	Mdm2N -- p53 -- Mdm2C	0.1242653287	p53_h -- p53 -- Mdm2C	0.03021570313	Mdm2N -- p53_h -- p53 -- Mdm2C	0.06488128661	Dam	5.559416044e-05	Mdm2N -- Dam	0.0336657209	p53 -- Dam	0.1621766944	Mdm2N -- p53 -- Dam	0.08516767478	p53_h -- p53 -- Dam	0.05990399077	Mdm2N -- p53 -- Mdm2C -- Dam	0.2031381468	p53_h -- p53 -- Mdm2C -- Dam	0.01025852017	Mdm2N -- p53_h -- p53 -- Mdm2C -- Dam	0.09153084874
#18	Mdm2N	0.1148970629	p53	0.0669563702	Mdm2N -- p53	0.1209743579	p53_h -- p53	0.03153692109	Mdm2N -- p53 -- Mdm2C	0.03808554296	p53_h -- p53 -- Mdm2C	0.01260603852	Mdm2N -- p53_h -- p53 -- Mdm2C	0.02779591811	Dam	0.0001408406253	Mdm2N -- Dam	0.05811850783	p53 -- Dam	0.1873126695	Mdm2N -- p53 -- Dam	0.07702404995	p53_h -- p53 -- Dam	0.04149548405	Mdm2N -- p53 -- Mdm2C -- Dam	0.06329374798	p53_h -- p53 -- Mdm2C -- Dam	0.02607673888	Mdm2N -- p53_h -- p53 -- Mdm2C -- Dam	0.1336857495
#19	Mdm2N	0.7099968841	Mdm2N -- p53	0.002250601368	Mdm2N -- p53 -- Mdm2C	0.03990369488	Mdm2N -- p53_h -- p53 -- Mdm2C	0.00941990093	Dam	0.0003393924379	Mdm2N -- Dam	0.02913879746	p53 -- Dam	0.05410303685	Mdm2N -- p53 -- Dam	0.04111588012	p53_h -- p53 -- Dam	0.04076435717	Mdm2N -- Mdm2C -- Dam	0.001548413028	Mdm2N -- p53 -- Mdm2C -- Dam	0.05192588062	p53_h -- p53 -- Mdm2C -- Dam	0.007816511378	Mdm2N -- p53_h -- p53 -- Mdm2C -- Dam	0.01167664965
#20	p53	0.1598233247	Mdm2N -- p53	0.1849658835	p53_h -- p53	0.1323084365	Mdm2N -- p53 -- Mdm2C	0.2124966146	p53_h -- p53 -- Mdm2C	0.04127493331	Mdm2N -- p53_h -- p53 -- Mdm2C	0.1455798616	Dam	5.770087334e-06	Mdm2N -- Dam	0.004528346014	p53 -- Dam	0.03808041828	Mdm2N -- p53 -- Dam	0.009044778824	p53_h -- p53 -- Dam	0.01124241955	Mdm2N -- p53 -- Mdm2C -- Dam	0.02094691048	p53_h -- p53 -- Mdm2C -- Dam	0.009389559619	Mdm2N -- p53_h -- p53 -- Mdm2C -- Dam	0.03031274287
#21	Mdm2N	0.633709317	Mdm2N -- p53	0.01356726431	Mdm2N -- p53 -- Mdm2C	0.001764652905	Mdm2N -- p53_h -- p53 -- Mdm2C	0.002053053002	Dam	0.0003670029853	Mdm2N -- Dam	0.006854337373	p53 -- Dam	0.07896937858	Mdm2N -- p53 -- Dam	0.06084988061	p53_h -- p53 -- Dam	0.04669881518	Mdm2N -- Mdm2C -- Dam	0.008096154206	Mdm2N -- p53 -- Mdm2C -- Dam	0.07717097113	p53_h -- p53 -- Mdm2C -- Dam	0.02871547806	Mdm2N -- p53_h -- p53 -- Mdm2C -- Dam	0.04118369462
#22	p53	0.1756203934	Mdm2N -- p53	0.2051437662	p53_h -- p53	0.06493369116	Mdm2N -- p53 -- Mdm2C	0.1698426638	p53_h -- p53 -- Mdm2C	0.03411623441	Mdm2N -- p53_h -- p53 -- Mdm2C	0.2940455759	Dam	0.0001598919722	Mdm2N -- Dam	0.01235706548	p53 -- Dam	0.03810167747	p53_h -- p53 -- Dam	0.00484773851	p53_h -- p53 -- Mdm2C -- Dam	0.0003390118488	Mdm2N -- p53_h -- p53 -- Mdm2C -- Dam	0.0004922898608
#23	Mdm2N	0.2566388041	p53	0.1265093854	Mdm2N -- p53	0.05376874574	p53_h -- p53	0.0984047831	Mdm2N -- Mdm2C	0.006068252443	Mdm2N -- p53 -- Mdm2C	0.06513768221	p53_h -- p53 -- Mdm2C	0.0147279325	Mdm2N -- p53_h -- p53 -- Mdm2C	0.1102437106	Dam	0.0003356180049	Mdm2N -- Dam	0.01789500343	p53 -- Dam	0.1013891325	Mdm2N -- p53 -- Dam	0.03042540706	p53_h -- p53 -- Dam	0.03817999912	Mdm2N -- p53 -- Mdm2C -- Dam	0.04907571739	p53_h -- p53 -- Mdm2C -- Dam	0.006583170944	Mdm2N -- p53_h -- p53 -- Mdm2C -- Dam	0.0246166555
#24	p53	0.1957524377	Mdm2N -- p53	0.1560804218	p53_h -- p53	0.1908131187	Mdm2N -- p53 -- Mdm2C	0.1187946974	p53_h -- p53 -- Mdm2C	0.04397168532	Mdm2N -- p53_h -- p53 -- Mdm2C	0.1861750171	Dam	1.546152149e-05	Mdm2N -- Dam	0.02534214804	p53 -- Dam	0.04547740183	Mdm2N -- p53 -- Dam	0.003100332222	p53_h -- p53 -- Dam	0.006066556985	Mdm2N -- p53 -- Mdm2C -- Dam	0.001256562201	p53_h -- p53 -- Mdm2C -- Dam	0.002625254988	Mdm2N -- p53_h -- p53 -- Mdm2C -- Dam	0.02452890422
#25	Mdm2N	0.6214271207	p53	0.1079865913	Mdm2N -- p53	0.07410555068	p53_h -- p53	0.01033696176	Mdm2N -- Mdm2C	8.235672436e-05	Mdm2N -- p53 -- Mdm2C	0.02330515401	p53_h -- p53 -- Mdm2C	0.009146878679	Mdm2N -- p53_h -- p53 -- Mdm2C	0.03860383067	Dam	0.0004372188781	Mdm2N -- Dam	0.008200869125	p53 -- Dam	0.04220309067	p53_h -- p53 -- Dam	0.005995611664	Mdm2N -- Mdm2C -- Dam	0.03790053546	p53_h -- p53 -- Mdm2C -- Dam	0.002130949052	Mdm2N -- p53_h -- p53 -- Mdm2C -- Dam	0.01813728056
#26	Mdm2N	0.01117235496	p53	0.0665840936	Mdm2N -- p53	0.1332311397	p53_h -- p53	0.1190093259	Mdm2N -- p53 -- Mdm2C	0.0790778071	p53_h -- p53 -- Mdm2C	0.04816580402	Mdm2N -- p53_h -- p53 -- Mdm2C	0.09606479969	Dam	0.0004322161266	Mdm2N -- Dam	0.07820185154	p53 -- Dam	0.1216262661	Mdm2N -- p53 -- Dam	0.009475238544	p53_h -- p53 -- Dam	0.04323847103	Mdm2N -- p53 -- Mdm2C -- Dam	0.1209253955	p53_h -- p53 -- Mdm2C -- Dam	0.02117402191	Mdm2N -- p53_h -- p53 -- Mdm2C -- Dam	0.0516212143
#27	p53	0.1047129245	Mdm2N -- p53	0.1340757984	p53_h -- p53	0.154952117	Mdm2N -- p53 -- Mdm2C	0.1579742495	p53_h -- p53 -- Mdm2C	0.0596147848	Mdm2N -- p53_h -- p53 -- Mdm2C	0.1170815329	Dam	0.0004838135545	Mdm2N -- Dam	0.03919847078	p53 -- Dam	0.07832635206	Mdm2N -- p53 -- Dam	0.06402849897	p53_h -- p53 -- Dam	0.02180977305	Mdm2N -- Mdm2C -- Dam	0.002284645732	Mdm2N -- p53 -- Mdm2C -- Dam	0.01260877378	p53_h -- p53 -- Mdm2C -- Dam	0.006176186669	Mdm2N -- p53_h -- p53 -- Mdm2C -- Dam	0.04667207833
#28	Mdm2N	0.2006270709	p53	0.1184005116	Mdm2N -- p53	0.09010242337	p53_h -- p53	0.06757547737	Mdm2N -- Mdm2C	0.008801741437	Mdm2N -- p53 -- Mdm2C	0.1935915149	p53_h -- p53 -- Mdm2C	0.04532873799	Mdm2N -- p53_h -- p53 -- Mdm2C	0.1375393054	Dam	0.000513017642	Mdm2N -- Dam	0.002580361036	p53 -- Dam	0.03631735605	Mdm2N -- p53 -- Dam	0.00490738762	p53_h -- p53 -- Dam	0.02324857552	Mdm2N -- Mdm2C -- Dam	0.005417253324	Mdm2N -- p53 -- Mdm2C -- Dam	0.04952241782	p53_h -- p53 -- Mdm2C -- Dam	0.005161547087	Mdm2N -- p53_h -- p53 -- Mdm2C -- Dam	0.01036530099
#29	Mdm2N	0.850664984	p53_h -- p53	0.03064100775	Mdm2N -- Mdm2C	0.01324629086	Mdm2N -- p53 -- Mdm2C	0.008821084312	p53_h -- p53 -- Mdm2C	0.007086734009	Mdm2N -- p53_h -- p53 -- Mdm2C	0.001302545293	Dam	9.644644739e-05	Mdm2N -- Dam	0.009129162258	p53 -- Dam	0.05463713888	p53_h -- p53 -- Dam	0.0243746062
#30	p53	0.1380690347	Mdm2N -- p53	0.09771901593	p53_h -- p53	0.1586848344	Mdm2N -- p53 -- Mdm2C	0.1426636648	p53_h -- p53 -- Mdm2C	0.03681238654	Mdm2N -- p53_h -- p53 -- Mdm2C	0.1866562202	Dam	0.0002054171306	Mdm2N -- Dam	0.01360899969	p53 -- Dam	0.08543829914	Mdm2N -- p53 -- Dam	0.03189803913	p53_h -- p53 -- Dam	0.01398214589	Mdm2N -- p53 -- Mdm2C -- Dam	0.02092714708	p53_h -- p53 -- Mdm2C -- Dam	0.0008556121245	Mdm2N -- p53_h -- p53 -- Mdm2C -- Dam	0.07247918322
#31	p53	0.1470808371	Mdm2N -- p53	0.1401630852	p53_h -- p53	0.1597904705	Mdm2N -- p53 -- Mdm2C	0.2125065858	p53_h -- p53 -- Mdm2C	0.01788877623	Mdm2N -- p53_h -- p53 -- Mdm2C	0.1775520004	Dam	0.0004694491809	Mdm2N -- Dam	0.01949279412	p53 -- Dam	0.06327600211	p53_h -- p53 -- Dam	0.02522880537	p53_h -- p53 -- Mdm2C -- Dam	0.001041620806	Mdm2N -- p53_h -- p53 -- Mdm2C -- Dam	0.03550957317
#32	Mdm2N	0.1130049312	p53	0.0664298898	Mdm2N -- p53	0.1343614814	p53_h -- p53	0.1671429768	Mdm2N -- p53 -- Mdm2C	0.1620580712	p53_h -- p53 -- Mdm2C	0.06472682954	Mdm2N -- p53_h -- p53 -- Mdm2C	0.1147151919	Dam	0.0007036182719	Mdm2N -- Dam	0.003660667831	p53 -- Dam	0.01977360185	Mdm2N -- p53 -- Dam	0.005972254213	p53_h -- p53 -- Dam	0.01933980481	Mdm2N -- Mdm2C -- Dam	0.0280541284	Mdm2N -- p53 -- Mdm2C -- Dam	0.02306874059	p53_h -- p53 -- Mdm2C -- Dam	0.02159854581	Mdm2N -- p53_h -- p53 -- Mdm2C -- Dam	0.05538926636
#33	p53	0.07519715804	Mdm2N -- p53	0.02535679329	p53_h -- p53	0.05349163727	Mdm2N -- p53 -- Mdm2C	0.1445584168	p53_h -- p53 -- Mdm2C	0.0237877641	Mdm2N -- p53_h -- p53 -- Mdm2C	0.1307934462	Dam	0.0001125575152	Mdm2N -- Dam	0.05174124992	p53 -- Dam	0.1377001538	Mdm2N -- p53 -- Dam	0.07067798	p53_h -- p53 -- Dam	0.0693047986	Mdm2N -- Mdm2C -- Dam	0.00173821445	Mdm2N -- p53 -- Mdm2C -- Dam	0.08714498117	p53_h -- p53 -- Mdm2C -- Dam	0.03403496777	Mdm2N -- p53_h -- p53 -- Mdm2C -- Dam	0.09435988114
#34	Mdm2N	0.7105083766	Mdm2N -- p53	0.01302061116	p53_h -- p53	0.002310137443	Mdm2N -- p53 -- Mdm2C	0.0003674596217	p53_h -- p53 -- Mdm2C	0.002382483756	Mdm2N -- p53_h -- p53 -- Mdm2C	0.01287981648	Dam	0.001022275387	Mdm2N -- Dam	0.02344744965	p53 -- Dam	0.03364727916	Mdm2N -- p53 -- Dam	0.03778695103	p53_h -- p53 -- Dam	0.03221321579	Mdm2N -- Mdm2C -- Dam	0.000250865001	Mdm2N -- p53 -- Mdm2C -- Dam	0.08135807996	p53_h -- p53 -- Mdm2C -- Dam	0.002922385932	Mdm2N -- p53_h -- p53 -- Mdm2C -- Dam	0.045882613
#35	p53	0.1469869224	Mdm2N -- p53	0.1112306807	p53_h -- p53	0.1085745161	Mdm2N -- p53 -- Mdm2C	0.3349527852	p53_h -- p53 -- Mdm2C	0.04865336342	Mdm2N -- p53_h -- p53 -- Mdm2C	0.1226678512	Dam	1.158595327e-06	Mdm2N -- Dam	0.06059279544	p53 -- Dam	0.05166872468	p53_h -- p53 -- Dam	0.01162138811	Mdm2N -- Mdm2C -- Dam	0.003049814175
#36	Mdm2N	0.4805716028	Mdm2N -- Mdm2C	0.003851551975	Mdm2N -- p53 -- Mdm2C	0.008994022647	Mdm2N -- p53_h -- p53 -- Mdm2C	0.0008396721051	Dam	3.551431679e-06	Mdm2N -- Dam	0.004802676466	p53 -- Dam	0.0577123424	Mdm2N -- p53 -- Dam	0.1343394487	p53_h -- p53 -- Dam	0.07979519811	Mdm2N -- Mdm2C -- Dam	0.006317798496	Mdm2N -- p53 -- Mdm2C -- Dam	0.1180407898	p53_h -- p53 -- Mdm2C -- Dam	0.03653449405	Mdm2N -- p53_h -- p53 -- Mdm2C -- Dam	0.06819685097
#37	Mdm2N	0.8236323413	p53_h -- p53	0.02882094605	Mdm2N -- Mdm2C	0.01676020961	Mdm2N -- p53 -- Mdm2C	0.04738471604	p53_h -- p53 -- Mdm2C	0.003606257474	Mdm2N -- p53_h -- p53 -- Mdm2C	0.03972266702	Dam	0.0001288835326	Mdm2N -- Dam	0.01021844541	p53 -- Dam	0.0005971162932	p53_h -- p53 -- Dam	0.02912841727
#38	Mdm2N	0.6638931364	p53	0.02497352266	Mdm2N -- p53	0.04019505296	p53_h -- p53	0.02924168959	Mdm2N -- p53 -- Mdm2C	0.07197416676	p53_h -- p53 -- Mdm2C	0.02851199113	Mdm2N -- p53_h -- p53 -- Mdm2C	0.0311954494	Dam	0.0002668058775	Mdm2N -- Dam	0.01506880341	p53 -- Dam	0.03602582647	Mdm2N -- p53 -- Dam	0.008547056622	p53_h -- p53 -- Dam	0.02470988585	Mdm2N -- p53 -- Mdm2C -- Dam	0.01202465564	p53_h -- p53 -- Mdm2C -- Dam	0.0001890497113	Mdm2N -- p53_h -- p53 -- Mdm2C -- Dam	0.01318290753
#39	p53	0.05872749435	Mdm2N -- p53	0.02641284445	p53_h -- p53	0.01401592959	Mdm2N -- p53 -- Mdm2C	0.04737965866	p53_h -- p53 -- Mdm2C	0.001664530548	Mdm2N -- p53_h -- p53 -- Mdm2C	0.08525025575	Dam	1.0835252e-05	Mdm2N -- Dam	0.1250012408	p53 -- Dam	0.1763700179	Mdm2N -- p53 -- Dam	0.1766663555	p53_h -- p53 -- Dam	0.04311849787	Mdm2N -- Mdm2C -- Dam	0.02135727751	Mdm2N -- p53 -- Mdm2C -- Dam	0.1101319622	p53_h -- p53 -- Mdm2C -- Dam	0.04265000748	Mdm2N -- p53_h -- p53 -- Mdm2C -- Dam	0.07124309221
#40	p53	0.08674192383	Mdm2N -- p53	0.1646309735	p53_h -- p53	0.1644357792	Mdm2N -- p53 -- Mdm2C	0.1493089746	p53_h -- p53 -- Mdm2C	0.06738310321	Mdm2N -- p53_h -- p53 -- Mdm2C	0.218162905	Dam	1.338313174e-05	Mdm2N -- Dam	0.006001309195	p53 -- Dam	0.03227687871	Mdm2N -- p53 -- Dam	0.00827838721	p53_h -- p53 -- Dam	0.009662865154	Mdm2N -- Mdm2C -- Dam	0.03092578914	Mdm2N -- p53 -- Mdm2C -- Dam	0.00539924414	p53_h -- p53 -- Mdm2C -- Dam	0.009766657705	Mdm2N -- p53_h -- p53 -- Mdm2C -- Dam	0.04701182626
#41	Mdm2N	0.6031908373	p53	0.003250097085	Mdm2N -- p53	0.00663526506	p53_h -- p53	0.05619945011	Mdm2N -- Mdm2C	0.03878150967	Mdm2N -- p53 -- Mdm2C	0.05385505521	p53_h -- p53 -- Mdm2C	0.01338579039	Mdm2N -- p53_h -- p53 -- Mdm2C	0.01702943377	Dam	0.0001473151757	Mdm2N -- Dam	0.04974188098	p53 -- Dam	0.02037495565	Mdm2N -- p53 -- Dam	0.02250095614	p53_h -- p53 -- Dam	0.04118304231	Mdm2N -- p53 -- Mdm2C -- Dam	0.005896924547	p53_h -- p53 -- Mdm2C -- Dam	0.004713251102	Mdm2N -- p53_h -- p53 -- Mdm2C -- Dam	0.06311423553
#42	Mdm2N	0.4580545799	p53	0.03807121745	Mdm2N -- p53	0.08962320841	p53_h -- p53	0.02236187492	Mdm2N -- p53 -- Mdm2C	0.08447697477	p53_h -- p53 -- Mdm2C	0.01427760091	Mdm2N -- p53_h -- p53 -- Mdm2C	0.05540775575	Dam	1.852945636e-05	Mdm2N -- Dam	0.03053910452	p53 -- Dam	0.03402064812	Mdm2N -- p53 -- Dam	0.04306578768	p53_h -- p53 -- Dam	0.02744073105	Mdm2N -- Mdm2C -- Dam	0.0009428058022	Mdm2N -- p53 -- Mdm2C -- Dam	0.03797736233	p53_h -- p53 -- Mdm2C -- Dam	0.02895283671	Mdm2N -- p53_h -- p53 -- Mdm2C -- Dam	0.03476898226
#43	Mdm2N	0.7349112174	p53	0.05593751492	Mdm2N -- p53	0.02700705261	p53_h -- p53	0.03464777519	Mdm2N -- p53 -- Mdm2C	0.003794050244	p53_h -- p53 -- Mdm2C	0.01163143009	Mdm2N -- p53_h -- p53 -- Mdm2C	0.05081710163	Dam	2.113859234e-05	Mdm2N -- Dam	0.0009074479555	p53 -- Dam	0.06522743422	p53_h -- p53 -- Dam	0.01124448007	Mdm2N -- Mdm2C -- Dam	0.003853357114
#44	Mdm2N	0.3140495263	p53	0.07448975567	Mdm2N -- p53	0.0561370776	p53_h -- p53	0.04700448706	Mdm2N -- Mdm2C	0.00323337927	Mdm2N -- p53 -- Mdm2C	0.1526357571	p53_h -- p53 -- Mdm2C	0.01800956394	Mdm2N -- p53_h -- p53 -- Mdm2C	0.1279548641	Dam	7.30315646e-05	Mdm2N -- Dam	0.007260812517	p53 -- Dam	0.06790435035	Mdm2N -- p53 -- Dam	0.03069664941	p53_h -- p53 -- Dam	0.02965314741	Mdm2N -- p53 -- Mdm2C -- Dam	0.01013565842	p53_h -- p53 -- Mdm2C -- Dam	0.02040028656	Mdm2N -- p53_h -- p53 -- Mdm2C -- Dam	0.0403616528
#45	Mdm2N	0.2213429087	p53	0.1767372816	Mdm2N -- p53	0.1017207716	p53_h -- p53	0.04134366137	Mdm2N -- Mdm2C	0.005898904457	Mdm2N -- p53 -- Mdm2C	0.147974365	p53_h -- p53 -- Mdm2C	0.03884022847	Mdm2N -- p53_h -- p53 -- Mdm2C	0.141601049	Dam	2.646125341e-05	Mdm2N -- Dam	0.01676194873	p53 -- Dam	0.07072213498	p53_h -- p53 -- Dam	0.02432225684	Mdm2N -- Mdm2C -- Dam	0.01137049012	p53_h -- p53 -- Mdm2C -- Dam	0.001337537805
#46	p53	0.1743448191	Mdm2N -- p53	0.06019808056	p53_h -- p53	0.1230695923	Mdm2N -- p53 -- Mdm2C	0.1399165121	p53_h -- p53 -- Mdm2C	0.02459635662	Mdm2N -- p53_h -- p53 -- Mdm2C	0.09622831025	Dam	2.90026482e-05	Mdm2N -- Dam	0.03511369927	p53 -- Dam	0.03174125102	Mdm2N -- p53 -- Dam	0.07878471041	p53_h -- p53 -- Dam	0.01424329045	Mdm2N -- Mdm2C -- Dam	0.01645029086	Mdm2N -- p53 -- Mdm2C -- Dam	0.1457049488	p53_h -- p53 -- Mdm2C -- Dam	0.01443027464	Mdm2N -- p53_h -- p53 -- Mdm2C -- Dam	0.04514886095
#47	p53	0.1264935113	Mdm2N -- p53	0.2259147168	p53_h -- p53	0.1330162943	Mdm2N -- p53 -- Mdm2C	0.117393123	p53_h -- p53 -- Mdm2C	0.03746449984	Mdm2N -- p53_h -- p53 -- Mdm2C	0.09027299041	Dam	0.0001608507484	Mdm2N -- Dam	0.03613767162	p53 -- Dam	0.02666510431	Mdm2N -- p53 -- Dam	0.03409726091	p53_h -- p53 -- Dam	0.05602738069	Mdm2N -- p53 -- Mdm2C -- Dam	0.06524429302	p53_h -- p53 -- Mdm2C -- Dam	0.01984920469	Mdm2N -- p53_h -- p53 -- Mdm2C -- Dam	0.03126309831
#48	Mdm2N	0.009989996177	p53	0.1507156546	Mdm2N -- p53	0.148391255	p53_h -- p53	0.1524042429	Mdm2N -- p53 -- Mdm2C	0.1584049701	p53_h -- p53 -- Mdm2C	0.06453619546	Mdm2N -- p53_h -- p53 -- Mdm2C	0.1503073969	Dam	3.472065463e-05	Mdm2N -- Dam	0.008681324482	p53 -- Dam	0.06206955238	Mdm2N -- p53 -- Dam	0.01093661972	p53_h -- p53 -- Dam	0.004549244275	Mdm2N -- Mdm2C -- Dam	0.03443339408	Mdm2N -- p53 -- Mdm2C -- Dam	0.03033483457	p53_h -- p53 -- Mdm2C -- Dam	0.003866763639	Mdm2N -- p53_h -- p53 -- Mdm2C -- Dam	0.01034383507
#49	p53	0.1757890123	Mdm2N -- p53	0.1737535802	p53_h -- p53	0.1464574531	Mdm2N -- p53 -- Mdm2C	0.1975437027	p53_h -- p53 -- Mdm2C	0.02650193199	Mdm2N -- p53_h -- p53 -- Mdm2C	0.1504374954	Dam	0.0001890859658	Mdm2N -- Dam	0.0597291281	p53 -- Dam	0.003732740089	p53_h -- p53 -- Dam	0.04831831989	p53_h -- p53 -- Mdm2C -- Dam	0.002784201899	Mdm2N -- p53_h -- p53 -- Mdm2C -- Dam	0.01476334838
#50	Mdm2N	0.1475561501	p53	0.1107297233	Mdm2N -- p53	0.2933907294	p53_h -- p53	0.09783909271	Mdm2N -- p53 -- Mdm2C	0.1668045878	p53_h -- p53 -- Mdm2C	0.07550709596	Mdm2N -- p53_h -- p53 -- Mdm2C	0.09475794775	Dam	0.0004162719167	Mdm2N -- Dam	0.001659546264	p53 -- Dam	0.004042271646	p53_h -- p53 -- Dam	0.007296583271
#51	p53	0.2173441096	Mdm2N -- p53	0.2214240362	p53_h -- p53	0.08654400227	Mdm2N -- p53 -- Mdm2C	0.1068947852	p53_h -- p53 -- Mdm2C	0.05985690934	Mdm2N -- p53_h -- p53 -- Mdm2C	0.1602275422	Dam	4.307742755e-05	Mdm2N -- Dam	0.002924490481	p53 -- Dam	0.1292876233	p53_h -- p53 -- Dam	0.01079662613	Mdm2N -- Mdm2C -- Dam	0.004656797934
#52	p53	0.07351719068	Mdm2N -- p53	0.3682304591	p53_h -- p53	0.08363679082	Mdm2N -- p53 -- Mdm2C	0.09013356829	p53_h -- p53 -- Mdm2C	0.03847251805	Mdm2N -- p53_h -- p53 -- Mdm2C	0.1784266748	Dam	0.0001011423658	Mdm2N -- Dam	0.008212097034	p53 -- Dam	0.01736730112	Mdm2N -- p53 -- Dam	0.0160429083	p53_h -- p53 -- Dam	0.01595111328	Mdm2N -- p53 -- Mdm2C -- Dam	0.03818964021	p53_h -- p53 -- Mdm2C -- Dam	0.01134914827	Mdm2N -- p53_h -- p53 -- Mdm2C -- Dam	0.06036944771
#53	p53	0.1802403845	Mdm2N -- p53	0.1210464727	p53_h -- p53	0.09090075594	Mdm2N -- Mdm2C	0.01899721692	Mdm2N -- p53 -- Mdm2C	0.1547878513	p53_h -- p53 -- Mdm2C	0.07764570148	Mdm2N -- p53_h -- p53 -- Mdm2C	0.2226014504	Dam	0.0001133885005	Mdm2N -- Dam	0.03362100176	p53 -- Dam	0.008103596675	Mdm2N -- p53 -- Dam	0.02544919028	p53_h -- p53 -- Dam	0.02395953403	Mdm2N -- Mdm2C -- Dam	0.01251786606	Mdm2N -- p53 -- Mdm2C -- Dam	0.000166028861	p53_h -- p53 -- Mdm2C -- Dam	0.0195727486	Mdm2N -- p53_h -- p53 -- Mdm2C -- Dam	0.01027681204
#54	Mdm2N	0.7143566796	p53	0.002340335804	Mdm2N -- p53	0.00885384374	p53_h -- p53	0.02432157372	Mdm2N -- Mdm2C	0.002746100878	Mdm2N -- p53 -- Mdm2C	0.1269431719	p53_h -- p53 -- Mdm2C	0.008182879065	Mdm2N -- p53_h -- p53 -- Mdm2C	0.02835813309	Dam	5.233901237e-05	Mdm2N -- Dam	0.05088225076	p53 -- Dam	0.01436172068	p53_h -- p53 -- Dam	7.913040751e-05	Mdm2N -- Mdm2C -- Dam	0.01814754838	p53_h -- p53 -- Mdm2C -- Dam	0.0003742929088
#55	Mdm2N	0.2917186756	p53	0.01423433054	Mdm2N -- p53	0.08198012875	p53_h -- p53	0.004256302754	Mdm2N -- p53 -- Mdm2C	0.1011111833	p53_h -- p53 -- Mdm2C	0.006022022128	Mdm2N -- p53_h -- p53 -- Mdm2C	0.0165567763	Dam	0.0001368680263	Mdm2N -- Dam	0.01559112339	p53 -- Dam	0.03432109829	Mdm2N -- p53 -- Dam	0.07776291818	p53_h -- p53 -- Dam	0.08127004276	Mdm2N -- Mdm2C -- Dam	0.02586456518	Mdm2N -- p53 -- Mdm2C -- Dam	0.1224630119	p53_h -- p53 -- Mdm2C -- Dam	0.02331816413	Mdm2N -- p53_h -- p53 -- Mdm2C -- Dam	0.1033927888
#56	Mdm2N	0.8987425128	Mdm2N -- p53	0.003963577694	Mdm2N -- p53 -- Mdm2C	0.01399568472	Mdm2N -- p53_h -- p53 -- Mdm2C	0.008277385152	Dam	5.857443521e-05	Mdm2N -- Dam	0.01176011518	p53 -- Dam	0.01474300532	p53_h -- p53 -- Dam	0.003142076978	Mdm2N -- Mdm2C -- Dam	0.03859480863	p53_h -- p53 -- Mdm2C -- Dam	0.001656078158	Mdm2N -- p53_h -- p53 -- Mdm2C -- Dam	0.005066180962
#57	p53	0.07509403037	Mdm2N -- p53	0.06814584201	p53_h -- p53	0.112770889	Mdm2N -- p53 -- Mdm2C	0.07971706006	p53_h -- p53 -- Mdm2C	0.01947123742	Mdm2N -- p53_h -- p53 -- Mdm2C	0.04463864875	Dam	6.139820678e-05	Mdm2N -- Dam	0.02434564131	p53 -- Dam	0.07189386255	Mdm2N -- p53 -- Dam	0.1191217286	p53_h -- p53 -- Dam	0.07321613338	Mdm2N -- Mdm2C -- Dam	0.08222475315	Mdm2N -- p53 -- Mdm2C -- Dam	0.1065055765	p53_h -- p53 -- Mdm2C -- Dam	0.02774297478	Mdm2N -- p53_h -- p53 -- Mdm2C -- Dam	0.09505022388
#58	p53	0.1454242082	Mdm2N -- p53	0.1995646276	p53_h -- p53	0.07461282607	Mdm2N -- p53 -- Mdm2C	0.1894325581	p53_h -- p53 -- Mdm2C	0.07502172874	Mdm2N -- p53_h -- p53 -- Mdm2C	0.197284893	Dam	6.462279702e-05	Mdm2N -- Dam	0.06822892902	p53 -- Dam	0.01510619206	Mdm2N -- p53 -- Dam	0.0006960335198	p53_h -- p53 -- Dam	0.0136836248	Mdm2N -- Mdm2C -- Dam	0.002388598763	Mdm2N -- p53 -- Mdm2C -- Dam	0.004923663528	p53_h -- p53 -- Mdm2C -- Dam	0.003296010162	Mdm2N -- p53_h -- p53 -- Mdm2C -- Dam	0.01027148357
#59	Mdm2N	0.317577146	p53	0.006271274588	Mdm2N -- p53	0.01706333541	p53_h -- p53	0.001587274787	Mdm2N -- p53 -- Mdm2C	0.03009234248	p53_h -- p53 -- Mdm2C	0.001056819567	Mdm2N -- p53_h -- p53 -- Mdm2C	0.07827499378	Dam	5.20729133e-05	Mdm2N -- Dam	0.005552184678	p53 -- Dam	0.1114920801	Mdm2N -- p53 -- Dam	0.1070796447	p53_h -- p53 -- Dam	0.06846246068	Mdm2N -- p53 -- Mdm2C -- Dam	0.09788330583	p53_h -- p53 -- Mdm2C -- Dam	0.04357406594	Mdm2N -- p53_h -- p53 -- Mdm2C -- Dam	0.1139809985
#60	p53	0.1044285252	Mdm2N -- p53	0.2097934724	p53_h -- p53	0.1300870802	Mdm2N -- p53 -- Mdm2C	0.1521803035	p53_h -- p53 -- Mdm2C	0.06542229864	Mdm2N -- p53_h -- p53 -- Mdm2C	0.1808507755	Dam	0.0001341715297	Mdm2N -- Dam	0.00923630513	p53 -- Dam	0.02450606205	Mdm2N -- p53 -- Dam	0.01270716837	p53_h -- p53 -- Dam	0.03405517381	Mdm2N -- p53 -- Mdm2C -- Dam	0.03592913524	p53_h -- p53 -- Mdm2C -- Dam	0.01527136191	Mdm2N -- p53_h -- p53 -- Mdm2C -- Dam	0.02539816644
#61	p53	0.1796218307	Mdm2N -- p53	0.1373620804	p53_h -- p53	0.09361337274	Mdm2N -- p53 -- Mdm2C	0.3157925568	p53_h -- p53 -- Mdm2C	0.04845509535	Mdm2N -- p53_h -- p53 -- Mdm2C	0.1480487537	Dam	7.499553617e-05	Mdm2N -- Dam	0.0278859537	p53 -- Dam	0.0009104980093	p53_h -- p53 -- Dam	0.02193751012	Mdm2N -- Mdm2C -- Dam	0.01388119384	p53_h -- p53 -- Mdm2C -- Dam	0.007358941332	Mdm2N -- p53_h -- p53 -- Mdm2C -- Dam	0.005057217739
#62	Mdm2N	0.3407577515	p53	0.05073728513	Mdm2N -- p53	0.03779145037	p53_h -- p53	0.07199084591	Mdm2N -- Mdm2C	0.0003089818261	Mdm2N -- p53 -- Mdm2C	0.04439740795	p53_h -- p53 -- Mdm2C	0.007286487979	Mdm2N -- p53_h -- p53 -- Mdm2C	0.02063250062	Dam	2.798036545e-06	Mdm2N -- Dam	0.01988505999	p53 -- Dam	0.04432856827	Mdm2N -- p53 -- Dam	0.1582529267	p53_h -- p53 -- Dam	0.05425050676	Mdm2N -- p53 -- Mdm2C -- Dam	0.07095092975	p53_h -- p53 -- Mdm2C -- Dam	0.04066094277	Mdm2N -- p53_h -- p53 -- Mdm2C -- Dam	0.03776555641
#63	Mdm2N	0.4454201165	p53	0.0488338776	Mdm2N -- p53	0.06811551654	p53_h -- p53	0.07940643459	Mdm2N -- Mdm2C	0.01075515123	Mdm2N -- p53 -- Mdm2C	0.07640060317	p53_h -- p53 -- Mdm2C	0.02562842246	Mdm2N -- p53_h -- p53 -- Mdm2C	0.1310062479	Dam	8.206976772e-05	Mdm2N -- Dam	0.006444013182	p53 -- Dam	0.01700585907	Mdm2N -- p53 -- Dam	0.00796788391	p53_h -- p53 -- Dam	0.01155377619	Mdm2N -- Mdm2C -- Dam	0.02847560188	Mdm2N -- p53 -- Mdm2C -- Dam	0.0113260125	p53_h -- p53 -- Mdm2C -- Dam	0.02125065972	Mdm2N -- p53_h -- p53 -- Mdm2C -- Dam	0.01032775376
#64	Mdm2N	0.8474515327	p53_h -- p53	0.0001491753885	Mdm2N -- Mdm2C	0.01223032675	Mdm2N -- p53 -- Mdm2C	0.01763069117	p53_h -- p53 -- Mdm2C	0.0003830140098	Mdm2N -- p53_h -- p53 -- Mdm2C	0.04350723778	Dam	8.566344385e-05	Mdm2N -- Dam	0.01540063576	p53 -- Dam	0.01634527614	p53_h -- p53 -- Dam	0.002960541551	Mdm2N -- Mdm2C -- Dam	0.04385590528
#66	p53	0.1419642374	Mdm2N -- p53	0.2387295111	p53_h -- p53	0.09349148899	Mdm2N -- p53 -- Mdm2C	0.1459470948	p53_h -- p53 -- Mdm2C	0.09484167556	Mdm2N -- p53_h -- p53 -- Mdm2C	0.2503399657	Dam	9.277775058e-05	Mdm2N -- Dam	0.001236225329	p53 -- Dam	0.01671758687	p53_h -- p53 -- Dam	0.00715648885	Mdm2N -- Mdm2C -- Dam	0.003165708568	p53_h -- p53 -- Mdm2C -- Dam	0.001273699021	Mdm2N -- p53_h -- p53 -- Mdm2C -- Dam	0.005043540129
#67	p53	0.2279249694	Mdm2N -- p53	0.09125656648	p53_h -- p53	0.06793080298	Mdm2N -- p53 -- Mdm2C	0.1793699189	p53_h -- p53 -- Mdm2C	0.05814873644	Mdm2N -- p53_h -- p53 -- Mdm2C	0.1265846256	Dam	7.715983241e-05	Mdm2N -- Dam	0.00642044362	p53 -- Dam	0.02450679019	Mdm2N -- p53 -- Dam	0.01034488951	p53_h -- p53 -- Dam	0.004171681232	Mdm2N -- p53 -- Mdm2C -- Dam	0.137609305	p53_h -- p53 -- Mdm2C -- Dam	0.02592933031	Mdm2N -- p53_h -- p53 -- Mdm2C -- Dam	0.03972478057
#68	Mdm2N	0.5863575664	p53	0.06696881961	Mdm2N -- p53	0.03193198243	p53_h -- p53	0.02594010641	Mdm2N -- p53 -- Mdm2C	0.1042619875	p53_h -- p53 -- Mdm2C	0.007313184207	Mdm2N -- p53_h -- p53 -- Mdm2C	0.06858996594	Dam	0.0001750390668	Mdm2N -- Dam	0.01039014456	p53 -- Dam	0.03047118153	Mdm2N -- p53 -- Dam	0.02089118352	p53_h -- p53 -- Dam	0.01026600006	Mdm2N -- p53 -- Mdm2C -- Dam	0.01198729947	p53_h -- p53 -- Mdm2C -- Dam	0.01617071102	Mdm2N -- p53_h -- p53 -- Mdm2C -- Dam	0.008284828207
#69	p53	0.03535912078	Mdm2N -- p53	0.0226570677	p53_h -- p53	0.08424804697	Mdm2N -- p53 -- Mdm2C	0.1100136168	p53_h -- p53 -- Mdm2C	0.0246879448	Mdm2N -- p53_h -- p53 -- Mdm2C	0.1654953557	Dam	0.0001040450788	Mdm2N -- Dam	0.03703523082	p53 -- Dam	0.08310505692	Mdm2N -- p53 -- Dam	0.1341431114	p53_h -- p53 -- Dam	0.0480354024	Mdm2N -- Mdm2C -- Dam	0.01519670479	Mdm2N -- p53 -- Mdm2C -- Dam	0.1436277454	p53_h -- p53 -- Mdm2C -- Dam	0.04704517462	Mdm2N -- p53_h -- p53 -- Mdm2C -- Dam	0.0492463758
#70	p53	0.1468209223	Mdm2N -- p53	0.1324946158	p53_h -- p53	0.03658905583	Mdm2N -- p53 -- Mdm2C	0.1950900538	p53_h -- p53 -- Mdm2C	0.02849409093	Mdm2N -- p53_h -- p53 -- Mdm2C	0.106926988	Dam	0.0001083567593	Mdm2N -- Dam	0.002241291665	p53 -- Dam	0.09745824173	Mdm2N -- p53 -- Dam	0.04526560919	p53_h -- p53 -- Dam	0.08812736806	Mdm2N -- Mdm2C -- Dam	0.0217197463	Mdm2N -- p53 -- Mdm2C -- Dam	0.01920906397	p53_h -- p53 -- Mdm2C -- Dam	0.009017775461	Mdm2N -- p53_h -- p53 -- Mdm2C -- Dam	0.07043682031
#71	p53	0.142502658	Mdm2N -- p53	0.1700326445	p53_h -- p53	0.1043008271	Mdm2N -- p53 -- Mdm2C	0.07475574953	p53_h -- p53 -- Mdm2C	0.04787619791	Mdm2N -- p53_h -- p53 -- Mdm2C	0.1213478385	Dam	9.123539843e-05	Mdm2N -- Dam	0.03130763131	p53 -- Dam	0.1067435723	Mdm2N -- p53 -- Dam	0.09528087161	p53_h -- p53 -- Dam	0.02330375843	Mdm2N -- p53 -- Mdm2C -- Dam	0.0330569777	p53_h -- p53 -- Mdm2C -- Dam	0.02041702602	Mdm2N -- p53_h -- p53 -- Mdm2C -- Dam	0.02898301158
#72	Mdm2N	0.2227419523	p53	0.1467326654	Mdm2N -- p53	0.1483174442	p53_h -- p53	0.134264633	Mdm2N -- p53 -- Mdm2C	0.09073224037	p53_h -- p53 -- Mdm2C	0.06988601408	Mdm2N -- p53_h -- p53 -- Mdm2C	0.1132516105	Dam	0.0001985464423	Mdm2N -- Dam	0.05101507915	p53 -- Dam	0.01170050286	p53_h -- p53 -- Dam	0.00968955967	p53_h -- p53 -- Mdm2C -- Dam	0.001469752099
#73	p53	0.03183935453	Mdm2N -- p53	0.09942444036	p53_h -- p53	0.02980271859	Mdm2N -- p53 -- Mdm2C	0.06408001757	p53_h -- p53 -- Mdm2C	0.002496008436	Mdm2N -- p53_h -- p53 -- Mdm2C	0.09714980427	Dam	0.0002401883822	Mdm2N -- Dam	0.0506732741	p53 -- Dam	0.1071317745	Mdm2N -- p53 -- Dam	0.1417684721	p53_h -- p53 -- Dam	0.07816924445	Mdm2N -- Mdm2C -- Dam	0.03786637731	Mdm2N -- p53 -- Mdm2C -- Dam	0.1232884324	p53_h -- p53 -- Mdm2C -- Dam	0.04974643901	Mdm2N -- p53_h -- p53 -- Mdm2C -- Dam	0.08632345398
#74	p53	0.2347817049	Mdm2N -- p53	0.1208347232	p53_h -- p53	0.1560841634	Mdm2N -- p53 -- Mdm2C	0.1355225412	p53_h -- p53 -- Mdm2C	0.1091873323	Mdm2N -- p53_h -- p53 -- Mdm2C	0.217104789	Dam	3.306644535e-05	Mdm2N -- Dam	0.003973624916	p53 -- Dam	0.0125531251	p53_h -- p53 -- Dam	0.009924929404
#75	p53	0.1025208945	Mdm2N -- p53	0.1007853588	p53_h -- p53	0.05480185887	Mdm2N -- p53 -- Mdm2C	0.1601643316	p53_h -- p53 -- Mdm2C	0.01749002884	Mdm2N -- p53_h -- p53 -- Mdm2C	0.1071776849	Dam	0.000106283686	Mdm2N -- Dam	0.00736463336	p53 -- Dam	0.100105552	Mdm2N -- p53 -- Dam	0.0897158648	p53_h -- p53 -- Dam	0.07699652746	Mdm2N -- p53 -- Mdm2C -- Dam	0.04133005571	p53_h -- p53 -- Mdm2C -- Dam	0.03061200677	Mdm2N -- p53_h -- p53 -- Mdm2C -- Dam	0.1108289188
#76	Mdm2N	0.6233677347	p53	0.009618678837	Mdm2N -- p53	0.01730997074	p53_h -- p53	0.01693634227	Mdm2N -- Mdm2C	0.0157061916	Mdm2N -- p53 -- Mdm2C	0.02696264264	p53_h -- p53 -- Mdm2C	0.01735678157	Mdm2N -- p53_h -- p53 -- Mdm2C	0.02885763186	Dam	0.0002251894409	Mdm2N -- Dam	0.01155241636	p53 -- Dam	0.05516926443	Mdm2N -- p53 -- Dam	0.02025492921	p53_h -- p53 -- Dam	0.03935888181	Mdm2N -- p53 -- Mdm2C -- Dam	0.03068672359	p53_h -- p53 -- Mdm2C -- Dam	0.02655820254	Mdm2N -- p53_h -- p53 -- Mdm2C -- Dam	0.06007841837
#77	p53	0.1422127746	Mdm2N -- p53	0.2048025425	p53_h -- p53	0.09391640129	Mdm2N -- p53 -- Mdm2C	0.1043663551	p53_h -- p53 -- Mdm2C	0.03640977507	Mdm2N -- p53_h -- p53 -- Mdm2C	0.1342749166	Dam	0.0001385909253	Mdm2N -- Dam	0.05502880499	p53 -- Dam	0.01896980202	Mdm2N -- p53 -- Dam	0.07951292436	p53_h -- p53 -- Dam	0.03883346061	Mdm2N -- Mdm2C -- Dam	0.01668489372	Mdm2N -- p53 -- Mdm2C -- Dam	0.02066291652	p53_h -- p53 -- Mdm2C -- Dam	0.01421967876	Mdm2N -- p53_h -- p53 -- Mdm2C -- Dam	0.03996616292
#78	p53	0.1020199204	Mdm2N -- p53	0.1337077291	p53_h -- p53	0.07730011082	Mdm2N -- p53 -- Mdm2C	0.2680092475	p53_h -- p53 -- Mdm2C	0.04473626132	Mdm2N -- p53_h -- p53 -- Mdm2C	0.2770124645	Dam	4.4055559e-05	Mdm2N -- Dam	0.0237487408	p53 -- Dam	0.01987749161	Mdm2N -- p53 -- Dam	0.001911844383	p53_h -- p53 -- Dam	0.0125501674	Mdm2N -- p53 -- Mdm2C -- Dam	0.01190344276	p53_h -- p53 -- Mdm2C -- Dam	0.02029282076	Mdm2N -- p53_h -- p53 -- Mdm2C -- Dam	0.006885703157
#79	Mdm2N	0.7584464487	Mdm2N -- p53	0.03424011401	Mdm2N -- p53 -- Mdm2C	0.07058429188	Mdm2N -- p53_h -- p53 -- Mdm2C	0.0196375069	Dam	0.0001233551188	Mdm2N -- Dam	0.03501553942	p53 -- Dam	0.02892313641	Mdm2N -- p53 -- Dam	0.01494702689	p53_h -- p53 -- Dam	0.002506657737	Mdm2N -- p53 -- Mdm2C -- Dam	0.001224825237	p53_h -- p53 -- Mdm2C -- Dam	0.01805150125	Mdm2N -- p53_h -- p53 -- Mdm2C -- Dam	0.0162995965
#80	Mdm2N	0.1698720174	p53	0.1035292069	Mdm2N -- p53	0.08906060054	p53_h -- p53	0.07149962906	Mdm2N -- p53 -- Mdm2C	0.1585493138	p53_h -- p53 -- Mdm2C	0.03123942957	Mdm2N -- p53_h -- p53 -- Mdm2C	0.2656285283	Dam	0.0001541875727	Mdm2N -- Dam	0.02559352347	p53 -- Dam	0.01999539108	p53_h -- p53 -- Dam	0.00260644546	Mdm2N -- Mdm2C -- Dam	0.06227172697
#81	Mdm2N	0.4991973291	p53	0.06824376848	Mdm2N -- p53	0.1008853567	p53_h -- p53	0.02720949279	Mdm2N -- p53 -- Mdm2C	0.1297652346	p53_h -- p53 -- Mdm2C	0.0206215919	Mdm2N -- p53_h -- p53 -- Mdm2C	0.1153006874	Dam	0.0008199971275	Mdm2N -- Dam	0.001771300482	p53 -- Dam	0.01593618609	p53_h -- p53 -- Dam	0.001574185706	p53_h -- p53 -- Mdm2C -- Dam	0.002346366158	Mdm2N -- p53_h -- p53 -- Mdm2C -- Dam	0.01632850356
#82	p53	0.2576025901	Mdm2N -- p53	0.13397386	p53_h -- p53	0.105621879	Mdm2N -- p53 -- Mdm2C	0.04851591241	p53_h -- p53 -- Mdm2C	0.0403762334	Mdm2N -- p53_h -- p53 -- Mdm2C	0.2204564874	Dam	0.0001640957651	Mdm2N -- Dam	0.005600540558	p53 -- Dam	0.0546210902	Mdm2N -- p53 -- Dam	0.006464558275	p53_h -- p53 -- Dam	0.01313123292	Mdm2N -- Mdm2C -- Dam	0.004797907327	Mdm2N -- p53 -- Mdm2C -- Dam	0.03910687364	p53_h -- p53 -- Mdm2C -- Dam	0.02411659399	Mdm2N -- p53_h -- p53 -- Mdm2C -- Dam	0.04545014497
#83	p53	0.0766536328	Mdm2N -- p53	0.1317789952	p53_h -- p53	0.1076465906	Mdm2N -- p53 -- Mdm2C	0.08010624927	p53_h -- p53 -- Mdm2C	0.05614915102	Mdm2N -- p53_h -- p53 -- Mdm2C	0.202248264	Dam	0.0001691215524	Mdm2N -- Dam	0.01404235452	p53 -- Dam	0.1074225928	Mdm2N -- p53 -- Dam	0.03009840579	p53_h -- p53 -- Dam	0.05244668905	Mdm2N -- Mdm2C -- Dam	0.008356208288	Mdm2N -- p53 -- Mdm2C -- Dam	0.06267076885	p53_h -- p53 -- Mdm2C -- Dam	0.02570905616	Mdm2N -- p53_h -- p53 -- Mdm2C -- Dam	0.04450192017
#84	Mdm2N	0.2442754431	p53	0.09056264109	Mdm2N -- p53	0.1518300009	p53_h -- p53	0.05476520217	Mdm2N -- p53 -- Mdm2C	0.0802721906	p53_h -- p53 -- Mdm2C	0.0509303772	Mdm2N -- p53_h -- p53 -- Mdm2C	0.0765304848	Dam	0.0001757399346	Mdm2N -- Dam	0.02922815268	p53 -- Dam	0.04138253141	Mdm2N -- p53 -- Dam	0.0370734664	p53_h -- p53 -- Dam	0.02325709509	Mdm2N -- Mdm2C -- Dam	0.01278642209	Mdm2N -- p53 -- Mdm2C -- Dam	0.06490058792	p53_h -- p53 -- Mdm2C -- Dam	0.01373225134	Mdm2N -- p53_h -- p53 -- Mdm2C -- Dam	0.02829741325
#85	Mdm2N	0.6479166546	p53	0.06620882614	Mdm2N -- p53	0.05387809234	p53_h -- p53	0.01295107613	Mdm2N -- Mdm2C	0.01415579921	Mdm2N -- p53 -- Mdm2C	0.02705484988	p53_h -- p53 -- Mdm2C	0.006181049479	Mdm2N -- p53_h -- p53 -- Mdm2C	0.05192046713	Dam	0.0001815115389	Mdm2N -- Dam	0.0006018625292	p53 -- Dam	0.01921793225	Mdm2N -- p53 -- Dam	0.001320422206	p53_h -- p53 -- Dam	0.05293417288	Mdm2N -- Mdm2C -- Dam	0.0184033231	Mdm2N -- p53 -- Mdm2C -- Dam	0.004286848988	p53_h -- p53 -- Mdm2C -- Dam	0.004752239362	Mdm2N -- p53_h -- p53 -- Mdm2C -- Dam	0.01803487226
#86	p53	0.1966488657	Mdm2N -- p53	0.1862045869	p53_h -- p53	0.07676155936	Mdm2N -- p53 -- Mdm2C	0.2325346988	p53_h -- p53 -- Mdm2C	0.03427173825	Mdm2N -- p53_h -- p53 -- Mdm2C	0.1850916251	Dam	0.0001863366423	Mdm2N -- Dam	0.006842561734	p53 -- Dam	0.02142784719	p53_h -- p53 -- Dam	0.0333596727	Mdm2N -- Mdm2C -- Dam	0.02608540509	p53_h -- p53 -- Mdm2C -- Dam	0.000585102552
#87	p53	0.1367980259	Mdm2N -- p53	0.1258861872	p53_h -- p53	0.1326169651	Mdm2N -- p53 -- Mdm2C	0.2395254694	p53_h -- p53 -- Mdm2C	0.05204814199	Mdm2N -- p53_h -- p53 -- Mdm2C	0.1548240449	Dam	0.0001924252603	Mdm2N -- Dam	0.01599693548	p53 -- Dam	0.01260602059	Mdm2N -- p53 -- Dam	0.0170004319	p53_h -- p53 -- Dam	0.01132384423	Mdm2N -- Mdm2C -- Dam	0.03907957452	Mdm2N -- p53 -- Mdm2C -- Dam	0.001720709691	p53_h -- p53 -- Mdm2C -- Dam	0.007017251571	Mdm2N -- p53_h -- p53 -- Mdm2C -- Dam	0.0533639723
#88	p53	0.1785431848	Mdm2N -- p53	0.1944197509	p53_h -- p53	0.1111703109	Mdm2N -- p53 -- Mdm2C	0.1492692623	p53_h -- p53 -- Mdm2C	0.06704926804	Mdm2N -- p53_h -- p53 -- Mdm2C	0.1001624752	Dam	0.0003347249887	Mdm2N -- Dam	0.08991434155	p53 -- Dam	0.05720656268	Mdm2N -- p53 -- Dam	0.01448504441	p53_h -- p53 -- Dam	0.01518692109	Mdm2N -- p53 -- Mdm2C -- Dam	0.01189108882	p53_h -- p53 -- Mdm2C -- Dam	0.004729349854	Mdm2N -- p53_h -- p53 -- Mdm2C -- Dam	0.005637714555
#89	p53	0.1000087213	Mdm2N -- p53	0.05142360072	p53_h -- p53	0.06093051469	Mdm2N -- p53 -- Mdm2C	0.1001251349	p53_h -- p53 -- Mdm2C	0.00585696323	Mdm2N -- p53_h -- p53 -- Mdm2C	0.04854832767	Dam	1.568479169e-05	Mdm2N -- Dam	0.002503905415	p53 -- Dam	0.1317054266	Mdm2N -- p53 -- Dam	0.1658882636	p53_h -- p53 -- Dam	0.0436678879	Mdm2N -- p53 -- Mdm2C -- Dam	0.1775211921	p53_h -- p53 -- Mdm2C -- Dam	0.02063034821	Mdm2N -- p53_h -- p53 -- Mdm2C -- Dam	0.09117402881
#90	p53	0.2376778958	Mdm2N -- p53	0.164318864	p53_h -- p53	0.09036923617	Mdm2N -- p53 -- Mdm2C	0.2048050291	p53_h -- p53 -- Mdm2C	0.0841969985	Mdm2N -- p53_h -- p53 -- Mdm2C	0.1654969852	Dam	8.183091087e-05	Mdm2N -- Dam	0.005654107895	p53 -- Dam	0.0211896856	p53_h -- p53 -- Dam	0.01207177134	p53_h -- p53 -- Mdm2C -- Dam	0.003363884823	Mdm2N -- p53_h -- p53 -- Mdm2C -- Dam	0.01077371066
#91	p53	0.09635991194	Mdm2N -- p53	0.1082176282	p53_h -- p53	0.1206580154	Mdm2N -- p53 -- Mdm2C	0.1860326258	p53_h -- p53 -- Mdm2C	0.06108194409	Mdm2N -- p53_h -- p53 -- Mdm2C	0.2084647453	Dam	0.0001819466922	Mdm2N -- Dam	0.02907246614	p53 -- Dam	0.08577078402	p53_h -- p53 -- Dam	0.01919943241	Mdm2N -- Mdm2C -- Dam	0.03899056256	Mdm2N -- p53 -- Mdm2C -- Dam	0.005816669662	p53_h -- p53 -- Mdm2C -- Dam	0.006460814472	Mdm2N -- p53_h -- p53 -- Mdm2C -- Dam	0.03369245332
#92	p53	0.07868553554	Mdm2N -- p53	0.1450578726	p53_h -- p53	0.07016466648	Mdm2N -- p53 -- Mdm2C	0.1495619796	p53_h -- p53 -- Mdm2C	0.03579443391	Mdm2N -- p53_h -- p53 -- Mdm2C	0.1262640005	Dam	0.0003918861826	Mdm2N -- Dam	0.01402682733	p53 -- Dam	0.07550125457	Mdm2N -- p53 -- Dam	0.07269731723	p53_h -- p53 -- Dam	0.07128806962	Mdm2N -- p53 -- Mdm2C -- Dam	0.09664210678	p53_h -- p53 -- Mdm2C -- Dam	0.02072449648	Mdm2N -- p53_h -- p53 -- Mdm2C -- Dam	0.04319955317
#93	Mdm2N	0.3942187639	p53	0.01984777076	Mdm2N -- p53	0.06435492951	p53_h -- p53	0.0586218082	Mdm2N -- p53 -- Mdm2C	0.04768260186	p53_h -- p53 -- Mdm2C	0.02288339587	Mdm2N -- p53_h -- p53 -- Mdm2C	0.1476523539	Dam	0.0002348855921	Mdm2N -- Dam	0.002604003769	p53 -- Dam	0.03981252976	Mdm2N -- p53 -- Dam	0.00710862962	p53_h -- p53 -- Dam	0.08537188473	Mdm2N -- Mdm2C -- Dam	0.02016421181	Mdm2N -- p53 -- Mdm2C -- Dam	0.04668564837	p53_h -- p53 -- Mdm2C -- Dam	0.01993779198	Mdm2N -- p53_h -- p53 -- Mdm2C -- Dam	0.02281879034
#94	p53	0.135983607	Mdm2N -- p53	0.1779121688	p53_h -- p53	0.0579464067	Mdm2N -- p53 -- Mdm2C	0.1221641236	p53_h -- p53 -- Mdm2C	0.02538397517	Mdm2N -- p53_h -- p53 -- Mdm2C	0.2156745823	Dam	9.62058829e-05	Mdm2N -- Dam	0.02873374644	p53 -- Dam	0.0431592503	Mdm2N -- p53 -- Dam	0.02425316953	p53_h -- p53 -- Dam	0.06567306075	Mdm2N -- p53 -- Mdm2C -- Dam	0.01374680404	p53_h -- p53 -- Mdm2C -- Dam	0.03911785974	Mdm2N -- p53_h -- p53 -- Mdm2C -- Dam	0.05015503978
#95	p53	0.2157276333	Mdm2N -- p53	0.1362798873	p53_h -- p53	0.1280925187	Mdm2N -- p53 -- Mdm2C	0.2186378144	p53_h -- p53 -- Mdm2C	0.0752540037	Mdm2N -- p53_h -- p53 -- Mdm2C	0.1383063675	Dam	0.0002492997067	Mdm2N -- Dam	0.02059981352	p53 -- Dam	0.004463740678	p53_h -- p53 -- Dam	0.0007390956477	Mdm2N -- Mdm2C -- Dam	0.04452955166	p53_h -- p53 -- Mdm2C -- Dam	0.01712027383
#96	Mdm2N	0.1928025926	p53	0.1431844028	Mdm2N -- p53	0.1617737169	p53_h -- p53	0.06790799439	Mdm2N -- Mdm2C	0.01171454819	Mdm2N -- p53 -- Mdm2C	0.1036433771	p53_h -- p53 -- Mdm2C	0.03667861233	Mdm2N -- p53_h -- p53 -- Mdm2C	0.07338527059	Dam	0.000632699883	Mdm2N -- Dam	0.05369930027	p53 -- Dam	0.04159762122	Mdm2N -- p53 -- Dam	0.02687184688	p53_h -- p53 -- Dam	0.02434754304	Mdm2N -- Mdm2C -- Dam	0.001591998698	Mdm2N -- p53 -- Mdm2C -- Dam	0.04059459625	p53_h -- p53 -- Mdm2C -- Dam	0.004438139988	Mdm2N -- p53_h -- p53 -- Mdm2C -- Dam	0.01513573896
#97	p53	0.07151095704	Mdm2N -- p53	0.2264970956	p53_h -- p53	0.149484462	Mdm2N -- p53 -- Mdm2C	0.144641507	p53_h -- p53 -- Mdm2C	0.03299720236	Mdm2N -- p53_h -- p53 -- Mdm2C	0.1650445291	Dam	3.663641723e-05	Mdm2N -- Dam	0.003275937926	p53 -- Dam	0.05591449737	Mdm2N -- p53 -- Dam	0.02962885592	p53_h -- p53 -- Dam	0.05045739852	Mdm2N -- p53 -- Mdm2C -- Dam	0.03936024904	p53_h -- p53 -- Mdm2C -- Dam	0.02260618934	Mdm2N -- p53_h -- p53 -- Mdm2C -- Dam	0.008544482249
#98	Mdm2N	0.7799683355	Mdm2N -- Mdm2C	0.01828314543	Mdm2N -- p53 -- Mdm2C	0.01461571932	p53_h -- p53 -- Mdm2C	0.005047786418	Mdm2N -- p53_h -- p53 -- Mdm2C	0.02461285931	Dam	0.0001123720441	Mdm2N -- Dam	0.006601137572	p53 -- Dam	0.03972361815	Mdm2N -- p53 -- Dam	0.06401715161	p53_h -- p53 -- Dam	0.01830730698	Mdm2N -- p53 -- Mdm2C -- Dam	0.01195001526	p53_h -- p53 -- Mdm2C -- Dam	0.01225650389	Mdm2N -- p53_h -- p53 -- Mdm2C -- Dam	0.004504048539
#99	p53	0.05816158519	Mdm2N -- p53	0.09669895766	p53_h -- p53	0.03229866366	Mdm2N -- p53 -- Mdm2C	0.07839330319	p53_h -- p53 -- Mdm2C	0.07497151075	Mdm2N -- p53_h -- p53 -- Mdm2C	0.2421497099	Dam	0.0002866325001	Mdm2N -- Dam	0.02348423241	p53 -- Dam	0.05253289829	Mdm2N -- p53 -- Dam	0.08227000226	p53_h -- p53 -- Dam	0.0763226395	Mdm2N -- Mdm2C -- Dam	0.01054967164	Mdm2N -- p53 -- Mdm2C -- Dam	0.06149568079	p53_h -- p53 -- Mdm2C -- Dam	0.02493494684	Mdm2N -- p53_h -- p53 -- Mdm2C -- Dam	0.08544956547
#100	p53	0.1009525565	Mdm2N -- p53	0.09316619395	p53_h -- p53	0.04943762685	Mdm2N -- p53 -- Mdm2C	0.07984999599	p53_h -- p53 -- Mdm2C	0.06168468117	Mdm2N -- p53_h -- p53 -- Mdm2C	0.2031652629	Dam	0.0002954089744	Mdm2N -- Dam	0.06077110737	p53 -- Dam	0.05147262154	Mdm2N -- p53 -- Dam	0.07732720806	p53_h -- p53 -- Dam	0.03522112903	Mdm2N -- Mdm2C -- Dam	0.01541689172	Mdm2N -- p53 -- Mdm2C -- Dam	0.04923961834	p53_h -- p53 -- Mdm2C -- Dam	0.01020268203	Mdm2N -- p53_h -- p53 -- Mdm2C -- Dam	0.1117970155

Trajectory[cluster=#2,size=2]	State	Proba	State	Proba	State	Proba	State	Proba ...
#9	p53_h -- p53	0.01794962556	Dam	0.0004564517074	Mdm2N -- Dam	0.05742367514	p53 -- Dam	0.2456165084	Mdm2N -- p53 -- Dam	0.2386956924	p53_h -- p53 -- Dam	0.0646690933	Mdm2N -- Mdm2C -- Dam	0.03033122208	Mdm2N -- p53 -- Mdm2C -- Dam	0.1960664347	p53_h -- p53 -- Mdm2C -- Dam	0.05533105769	Mdm2N -- p53_h -- p53 -- Mdm2C -- Dam	0.09346023909
#65	Dam	8.879013504e-05	Mdm2N -- Dam	0.03185376312	p53 -- Dam	0.3035995914	Mdm2N -- p53 -- Dam	0.1483668221	p53_h -- p53 -- Dam	0.1444434409	Mdm2N -- Mdm2C -- Dam	0.000352881612	Mdm2N -- p53 -- Mdm2C -- Dam	0.1354152013	p53_h -- p53 -- Mdm2C -- Dam	0.07026320024	Mdm2N -- p53_h -- p53 -- Mdm2C -- Dam	0.1656163091

Cluster	State	Proba	ErrorProba	State	Proba	ErrorProba	State	Proba	ErrorProba	State	Proba	ErrorProba...
#1	Mdm2N	0.1917438386	0.02834068779	p53	0.1007174195	0.006706111299	Mdm2N -- p53	0.1137891505	0.007595059415	p53_h -- p53	0.07603173963	0.005155892657	Mdm2N -- Mdm2C	0.00238307345	0.0006606865633	Mdm2N -- p53 -- Mdm2C	0.1211317372	0.007079107179	p53_h -- p53 -- Mdm2C	0.03614170574	0.002527204994	Mdm2N -- p53_h -- p53 -- Mdm2C	0.1269530146	0.007926600923	Dam	0.0001955326105	1.857614167e-05	Mdm2N -- Dam	0.02304465411	0.002303261448	p53 -- Dam	0.05053049401	0.004166911965	Mdm2N -- p53 -- Dam	0.03354326251	0.004421059623	p53_h -- p53 -- Dam	0.02967623529	0.002376548564	Mdm2N -- Mdm2C -- Dam	0.01111264763	0.001634038205	Mdm2N -- p53 -- Mdm2C -- Dam	0.03661755321	0.00464536066	p53_h -- p53 -- Mdm2C -- Dam	0.01327443867	0.001280353173	Mdm2N -- p53_h -- p53 -- Mdm2C -- Dam	0.03311350263	0.003283788328
#2	p53_h -- p53	0.00897481278	0.00897481278	Dam	0.0002726209212	0.0001838307862	Mdm2N -- Dam	0.04463871913	0.01278495601	p53 -- Dam	0.2746080499	0.02899154152	Mdm2N -- p53 -- Dam	0.1935312573	0.04516443514	p53_h -- p53 -- Dam	0.1045562671	0.03988717382	Mdm2N -- Mdm2C -- Dam	0.01534205185	0.01498917023	Mdm2N -- p53 -- Mdm2C -- Dam	0.165740818	0.03032561668	p53_h -- p53 -- Mdm2C -- Dam	0.06279712896	0.007466071279	Mdm2N -- p53_h -- p53 -- Mdm2C -- Dam	0.1295382741	0.03607803501
FP	Node Mdm2N: 1
Node p53_h: 0
Node p53: 0
Node Mdm2C: 0
Node Dam: 0
	1.0'
